Rep_Dist,Crimes
PJ5062,9
PJ6064,64
PJ4758,18
PP0285,348
PJ2711,41
PJ1354,19
PJ4079,57
PJ5862,17
PJ5142,30
PJ0892,13
PJ3172,85
PJ1325,34
PC0917,4
PJ2129,7
PJ2439,12
PJ4493,4
PJ2881,29
PJ2475,6
PJ2228,8
PC0427,2
PJ1744,17
PC0499,3
PJ4668,26
PJ1428,53
PC0267,31
PC0193,16
PJ2204,7
PJ5274,12
PJ3725,30
PJ4035,45
PJ4635,12
PC0806,21
PJ4056,22
PJ1453,10
PJ4552,2
PJ6116,7
PJ7212,16
PJ3063,2
PJ2072,13
PJ5389,7
PJ2622,6
PJ1047,11
PJ5523,5
PJ4192,2
PJ1964,18
PJ4246,69
PJ7144,9
PJ4207,84
PJ2900,19
PC0294,36
PC0972,2
PJ4957,2
PJ3676,10
PJ1437,26
PJ5424,15
PP0646,10
PJ6238,2
PJ0216,5
PJ4229,9
PJ1843,25
PJ0346,9
PJ0198,7
PJ2135,11
PJ6690,14
PJ0068,10
PJ4759,15
PJ5125,25
PJ5516,24
PP0370,17
PJ2385,14
PJ4307,23
PJ1865,10
PJ5487,4
PJ0062,4
PJ2577,32
PJ1564,14
PJ2587,6
PJ5992,2
PJ0240,11
PJ2095,4
PJ6775,9
PC0923,7
PJ6567,4
PJ1013,22
PJ3593,29
PC0646,8
PJ6190,28
PC0153,2
PJ4020,2
PJ3652,13
PJ1190,16
PJ0622,48
PJ4286,29
PJ2815,40
PJ0463,5
PJ1473,134
PC1114,8
PJ0033,22
PJ0499,6
PJ0694,48
PJ1503,13
PJ4007,11
PJ0383,15
PJ2157,24
PJ0530,30
PP0549,7
PJ0371,32
PJ0179,10
PJ0699,6
PJ4711,3
PJ3623,2
PC1157,7
PJ0393,4
PJ6480,4
PJ2576,2
PJ0994,2
PJ5662,43
PJ1438,22
PJ0517,75
PJ5296,24
PJ1619,18
PJ4724,22
PJ2111,16
PC0304,80
PJ2755,27
PP0265,33
PJ2155,10
PJ0807,8
PJ5131,6
PJ3408,19
PP0574,10
PJ6220,8
PJ0249,32
PJ3711,43
PC0609,13
PJ6120,4
PJ3476,4
PJ3744,8
PJ0232,9
PJ6826,30
PJ3870,22
PJ2533,45
PJ0469,40
PJ2664,22
PC0665,9
PJ4439,35
PJ6103,10
PJ6670,28
PC1349,22
PJ3123,8
PJ5590,30
PJ3054,20
PJ0174,6
PJ3208,10
PC1281,7
PJ2929,2
PJ0283,11
PJ3205,8
PJ4410,2
PC0952,6
PJ7014,84
PJ0679,13
PJ4317,59
PJ6445,47
PJ3560,35
PJ0407,70
PJ1987,15
PJ2605,29
PJ3322,23
PJ5394,6
PP0418,8
PJ3314,26
PJ2373,11
PJ2279,11
PJ7130,16
PJ1002,3
PJ5568,17
PJ1790,12
PJ0336,19
PJ3213,85
PJ0326,22
PJ6374,8
PJ2180,20
PJ1513,26
PJ2232,16
PJ1544,35
PJ1561,14
PJ7041,38
PC1293,14
PJ1350,41
PJ3477,10
PJ0498,29
PJ3388,13
PJ4132,13
PJ4703,9
PJ0969,41
PC1237,10
PJ1793,8
PJ7093,1
PJ5312,14
PJ7232,13
PJ4624,4
PJ2318,3
PJ2241,35
PJ1466,39
PJ0261,36
PJ1092,57
PJ6370,8
PJ2026,12
PJ4949,2
PJ3100,20
PC1160,44
PJ6396,9
PJ0230,24
PJ6127,10
PJ3268,11
PJ3274,16
PJ3446,13
PJ3723,5
PJ2287,27
PJ0899,5
PJ0381,8
PJ0369,6
PJ7362,2
PJ1939,2
PJ6488,8
PJ1432,6
PC0580,2
PJ5636,25
PJ7207,9
PJ5899,7
PJ2655,88
PJ6754,10
PC1329,95
PJ2530,11
PJ4909,4
PC0752,10
PJ4073,47
PJ4099,22
PJ0967,29
PJ3420,13
PJ3094,24
PJ6002,8
PJ6198,6
PJ4651,31
PJ3148,11
PJ2595,8
PJ0672,12
PJ5025,46
PJ6558,62
PJ3624,6
PJ4581,35
PJ1698,8
PJ1625,51
PC0087,5
PJ3522,20
PJ7096,2
PC0920,7
PJ1591,26
PJ6829,8
PJ5795,1
PJ3425,4
PC0494,8
PC0034,3
PJ1195,4
PC1268,6
PJ7412,6
PJ1675,61
PJ6347,26
PJ0727,16
PJ4386,10
PJ5047,5
PC0299,7
PJ3432,46
PJ0402,2
PC0913,25
PJ0786,18
PJ2678,3
PJ3914,11
PJ6101,8
PJ4009,19
PC1258,17
PJ1931,12
PJ2435,7
PC0384,8
PJ7073,4
PJ2160,44
PJ2682,7
PJ7379,10
PJ0476,14
PJ6842,2
PJ3443,23
PJ1226,3
PJ3895,2
PJ0633,38
PJ6534,65
PJ3597,27
PJ7081,260
PC0037,6
PC0844,58
PJ4281,2
PJ4621,20
PJ5414,6
PJ7290,3
PJ1837,45
PJ2186,5
PJ2399,15
PJ3448,32
PJ4295,4
PJ2230,12
PJ0449,2
PJ4625,3
PJ2997,20
PJ6050,13
PJ4653,48
PJ5341,81
PJ3348,29
PP0702,1
PJX006,26
PJ6362,10
PJ6675,7
PP0583,2
PJ0262,23
PC1170,4
PJ2847,38
PJ6596,27
PJ3135,4
PJ5361,17
PJ4692,7
PJ1489,26
PC0730,4
PJ5531,4
PJ2391,8
PJ2181,2
PJ4173,10
PJ4355,10
PJ0854,12
PJ1970,6
PC0182,6
PJ3062,56
PP0585,28
PC0303,251
PJ4889,281
PC0061,3
PJ1617,27
PJ4880,4
PJ0722,61
PJ0433,52
PJ5252,31
PJ3036,16
PJ4010,10
PJ3390,18
PJ3105,10
PJ6437,26
PJ4125,9
PJ6310,13
PJ6068,2
PJ4512,7
PJ7137,22
PC0558,5
PJ2027,7
PJ6399,11
PJ5809,4
PC0197,6
PJ0921,7
PJ3561,34
PC1243,6
PJ4336,5
PJ5448,8
PC0181,51
PJ5829,17
PJ3137,43
PJ6176,13
PJ6864,13
PJ1626,15
PC1203,9
PJ6251,21
PP0349,6
PJ2288,50
PJ2433,21
PC0816,9
PJ4677,2
PP0330,6
PJ3866,16
PJ1635,2
PJ3221,5
PC0136,4
PC0813,12
PC1204,33
PC1199,69
PJ6719,18
PJ4933,78
PJ1328,4
PJ0349,40
PJ1349,10
PJ3533,52
PJ3667,14
PC1144,6
PC0937,45
PJ1726,6
PJ2707,9
PC1040,53
PJ7365,7
PJ6388,4
PP0720,2
PJ4182,79
PJ4782,16
PJ1555,8
PJ4906,6
PJ5694,8
PC1132,4
PJ1297,19
PJ3857,33
PJ6785,74
PJ6731,23
PJ0743,50
PJ7080,68
PJ6787,83
PJ0668,31
PJ3308,22
PJ1664,6
PJ0910,21
PC0074,38
PJ0438,6
PJ2028,11
PJ4319,8
PP0704,2
PJ5680,13
PJ4357,5
PJ5673,6
PJ1978,14
PJ3756,16
PJ5828,22
PJ0682,34
PC1179,2
PJ1917,11
PJ2567,16
PP0478,1
PJ2448,74
PC0424,6
PC1328,7
PJ2413,31
PJ0900,7
PJ1142,7
PJ7206,9
PJ4240,11
PJ1840,9
PJ0580,14
PJ2618,29
PJ2052,6
PJ2138,3
PJ5195,2
PJ4521,4
PJ0983,20
PJ7247,108
PJ4670,15
PJ7040,24
PJ4681,57
PJ5712,18
PJ0353,39
PJ0822,107
PJ7067,60
PJ3343,4
PJ5193,20
PJ1342,8
PC0951,6
PC1390,23
PJ6900,15
PJ2893,34
PJ2123,14
PJ0888,19
PJ2032,8
PJ7229,8
PJ0421,12
PJ3028,10
PJ1745,10
PC0340,147
PJ1402,32
PJ4311,312
PP0721,12
PC0663,2
PJ3350,45
PJ6197,235
PJ2859,19
PJ0945,17
PJ6624,86
PJ3903,6
PJ5446,8
PJ2316,22
PJ1883,96
PJ7458,17
PJ0211,13
PJ3250,5
PJ7413,20
PJ1802,15
PP0447,6
PJ2173,23
PJ5232,20
PJ5333,8
PJ7455,4
PP0326,22
PJ3320,10
PJ3440,9
PJ3490,9
PJ4041,87
PJ5008,36
PJ7097,71
PJ5678,6
PJ6152,4
PJ3140,4
PJ2592,12
PJ1254,2
PJ5744,6
PJ1285,38
PJ1630,23
PJ6737,2
PJ7082,57
PJ1614,4
PJ1418,12
PJ4745,8
PJ4932,23
PJ3671,23
PJ2951,18
PJ4841,8
PJ3270,15
PJ4168,2
PJ5900,4
PJ2767,14
PC0323,449
PC0576,31
PJ6229,88
PJ6321,14
PJ2294,21
PJ6000,24
PC1063,10
PJ7288,4
PJ0790,15
PJ2124,30
PJ4734,90
PJ1136,4
PJ7126,17
PJ2469,8
PJ3666,9
PC1094,5
PJ6398,13
PJ4359,16
PJ3164,13
PJ1691,2
PJ6334,16
PJ2766,36
PJ7420,8
PJ0296,14
PJ2107,18
PJ2963,9
PP0697,6
PJ2980,15
PJ3978,12
PJ2191,2
PC0811,13
PJ6082,2
PJ4722,65
PJ6659,110
PJ5153,12
PJ2106,20
PJ2537,71
PJ2632,12
PJ5606,9
PJ3141,26
PJ2688,9
PJ3959,18
PJ3548,8
PP0602,2
PC0740,7
PJ2339,19
PJ4283,8
PJ3980,19
PJ2987,8
PJ3518,18
PJ6072,24
PJ3650,9
PJ4987,2
PJ6638,10
PJ0247,4
PJ1559,12
PJ3619,8
PJ1632,4
PJ1699,85
PJ2274,39
PJ6747,14
PJ1959,6
PJ3201,37
PJ1082,17
PC0589,43
PJ6451,38
PP0494,4
PJ0297,8
PC0264,23
PJ2506,16
PJ5215,6
PJ3586,11
PJ6067,2
PJ1167,11
PJ3402,14
PJ5285,4
PJ3934,2
PJ0458,6
PC1085,10
PJ3290,6
PC1091,13
PJ5248,24
PJ6838,47
PJ0534,39
PC0088,4
PC0415,41
PJ1937,21
PJ3381,6
PJ6336,35
PJ0535,31
PJ6078,57
PC0554,27
PC0590,27
PJ1467,65
PJ2078,18
PC0192,7
PJ4509,17
PJ5350,10
PJ3528,8
PP0571,10
PJ0684,136
PC1206,9
PJ2546,28
PJ6721,4
PJ5494,19
PJ1677,10
PJ2674,12
PJ5889,8
PJ2149,6
PJ1025,5
PJ5030,23
PJ4640,4
PC0978,28
PJCX01,16
PJ5478,12
PC0149,24
PJ4232,21
PJ1604,2
PJ0966,18
PJ6191,27
PJ5592,14
PJ5093,4
PJ1582,4
PC0254,22
PP0457,10
PJ0846,26
PJ3678,11
PJ3626,20
PJ5759,11
PJ2341,15
PP0385,4
PJ6988,4
PJ1801,6
PJ0545,9
PJ5846,1
PJ6907,32
PJ3755,14
PJ1576,15
PJ0777,11
PJ3261,19
PJ0836,9
PJ3527,21
PJ6007,4
PJ3485,184
PC0292,9
PJ1436,17
PJ2485,71
PJ4130,17
PJ4106,21
PJ1392,5
PJ5045,7
PJ5019,16
PJ2809,22
PJ5133,17
PJ0022,4
PJ4618,31
PJ2990,20
PJ7181,15
PC0961,41
PJ2434,23
PJ4004,2
PJ0027,37
PJ6578,10
PJ2202,4
PJ0292,18
PJ4603,5
PJ3317,2
PJ3970,3
PJ6513,6
PJ5950,6
PJ5863,21
PJ6052,6
PJ3410,21
PJ0443,27
PJ6877,7
PJ7026,108
PJ7191,12
PC0345,2
PJ0366,37
PJ2998,67
PJ1985,88
PJ6545,8
PJ6284,18
PJ3179,29
PJ6501,17
PJ2355,22
PJ1302,36
PJ0649,14
PCX045,31
PJ3076,19
PC1004,6
PJ4770,7
PJ4334,14
PJ7271,24
PJ3482,12
PJ0819,20
PJ0917,25
PJ4271,2
PJ4440,26
PJ1147,22
PJ2216,21
PJ7177,14
PJ4299,8
PJ1430,40
PJ1687,5
PJ2493,30
PJ0703,13
PJ1268,18
PJ1721,6
PJ2371,54
PJ6160,128
PJ7300,15
PJ2383,18
PJ1433,14
PJ4568,79
PJ0328,22
PJ1174,19
PJ3242,6
PJ6338,2
PC0640,8
PJ1346,9
PC0296,5
PC1221,108
PP0444,6
PJ3792,269
PJ0064,62
PP0665,82
PC0888,26
PJ0462,9
PJ2034,13
PJ2148,40
PJ2267,12
PJ1037,5
PC1248,18
PJ1965,42
PJ6509,19
PJ2387,25
PJ0201,19
PC1177,12
PC0186,12
PC0044,27
PJ0586,19
PJ0661,103
PJ0845,10
PJ4748,75
PC0983,6
PJ0800,6
PJ1633,8
PJ1500,13
PJ4226,27
PJ3552,6
PJ3291,9
PJ1550,40
PJ0784,6
PJ3509,8
PC1333,2
PJ2390,6
PJ0810,24
PJ2496,6
PJ0884,39
PJ1525,32
PJ1841,15
PJ1634,13
PJ6870,12
PJ1951,48
PC0599,154
PC0189,35
PJ0912,36
PC0817,2
PJ7156,4
PJ4371,3
PJ2610,38
PJ3920,2
PJ1638,17
PJ5542,15
PC0169,2
PJ4424,2
PC1273,3
PJ0759,5
PJ2878,8
PJ6095,6
PJ3077,13
PJ3611,10
PC1140,185
PJ3529,29
PJ1683,39
PJ2896,16
PJ6375,9
PC0873,9
PJ2840,12
PJ6899,8
PJ2471,10
PJ0578,16
PJ7302,17
PJ3190,12
PJ1540,6
PJ2456,6
PJ5205,21
PJ4507,20
PJ2957,9
PC0890,15
PJ4683,4
PJ1089,59
PJ4261,2
PJ5936,24
PJ1650,4
PC0939,8
PJ5117,14
PJ5203,9
PJ1512,4
PJ4288,10
PJ4870,21
PJ4029,51
PJ2945,12
PJ4808,24
PJ0550,11
PC1404,12
PC1185,56
PJ1980,67
PP0293,39
PJ5426,2
PJ1020,58
PC1077,9
PJ2197,28
PC0857,3
PJ6358,8
PJ5752,6
PJ5335,11
PJ2744,10
PC1222,13
PJ5927,8
PJ4998,2
PJ6812,2
PC0355,14
PJ7202,41
PJ1221,2
PP0728,6
PP0595,37
PJ0387,18
PJ3556,14
PJ1099,6
PJ5807,19
PC0350,14
PC1259,4
PJ2305,8
PC0465,2
PJ2978,9
PJ3961,6
PJ6139,2
PJ1549,15
PC0376,11
PJ2541,145
PC1128,116
PC1343,193
PJ6683,120
PJ1777,39
PJ6776,72
PJ3283,7
PJ1703,12
PP0308,2
PJ2229,15
PJ2695,21
PJ0935,7
PJ5421,17
PJ2994,33
PJ5402,7
PC0379,12
PJ7451,5
PJ2802,30
PP0455,2
PJ4752,2
PJ7131,11
PJ5390,4
PJ0627,11
PJ3331,7
PJ4239,7
PJ0350,9
PJ6540,14
PJ7064,36
PJ3605,16
PJ3043,17
PJ3642,106
PJ2251,10
PJ6138,8
PJ2928,60
PJ5288,4
PJ4140,6
PC1270,9
PJ2790,26
PJ6837,54
PJ0251,18
PC0931,23
PJ2281,31
PJ3748,2
PJ5756,22
PC0894,2
PJ5837,2
PJ3156,8
PC0575,4
PP0392,12
PJ2454,24
PJ3661,7
PJ0637,2
PJ5892,2
PJ5914,26
PC0400,65
PJ5726,3
PJ0425,14
PJ6060,115
PJ2382,23
PJ0294,32
PC1168,7
PC0602,40
PJ4586,90
PJ4093,35
PJ3512,8
PJ5365,31
PJ2761,146
PJ7453,2
PJ5432,10
PJ5999,24
PJ3372,22
PJ4370,20
PJ6635,21
PC1267,2
PJ1488,8
PJ3824,6
PJ2038,25
PJ3015,15
PJ0289,7
PJ5621,11
PJ1215,4
PJ2208,37
PJ3361,11
PJ2220,32
PJ7056,2
PC1162,14
PJ3154,6
PJ0820,14
PJ3303,229
PJ3150,22
PJ4094,12
PJ6297,47
PJ3095,159
PJ6629,10
PJ1414,107
PJ2875,90
PJ6183,6
PJ5387,18
PJ4040,11
PJ5855,34
PJ2515,10
PJ4413,14
PC1037,21
PJ0708,8
PJ4220,21
PJ0698,10
PJ4273,4
PJ0861,4
PJ1048,15
PJ6962,34
PJ7286,5
PJ6470,17
PP0441,6
PJ3525,36
PJ6926,16
PJ3594,30
PJ6381,16
PJ2193,38
PJ2745,15
PC1290,16
PJ2353,6
PJ0922,17
PJ6074,2
PJ3997,6
PJ5392,6
PC0036,10
PJ2925,11
PC1235,21
PJ1831,4
PC0775,13
PJ1364,25
PP0257,12
PJ5585,22
PJ1580,6
PJ5973,10
PJ4497,13
PJ5827,7
PJ6623,79
PC0387,242
PJ7122,73
PJ2337,32
PJ0883,30
PJ4667,6
PP0565,14
PJ6712,6
PJ0928,45
PJ6868,9
PJ4895,4
PJ6185,9
PJ0171,7
PJ2736,16
PJ7297,2
PC0773,14
PJ7292,1
PC0717,8
PJ1075,1
PC1119,17
PJ6771,49
PP0367,16
PC1356,48
PJ2623,36
PJ3698,27
PJ6738,12
PJ5380,16
PJ1320,10
PJ3840,38
PJ2247,48
PP0201,5
PJ1627,8
PJ4585,28
PJ3341,24
PJ1336,9
PJ1446,8
PJ3648,5
PJ1337,2
PJ0514,22
PJ4352,10
PJ5323,11
PC0027,17
PJ1105,8
PJ7079,10
PJ3369,8
PJ3665,13
PJ2102,12
PJ5450,17
PJ6239,6
PJ3115,40
PJ1367,25
PJ6958,6
PJ2291,20
PJ6243,16
PJ3655,10
PJ5354,10
PJ4732,23
PJ7019,20
PJ2621,29
PC1065,24
PJ4374,8
PJ2763,47
PJ1259,15
PJ4049,9
PJ5613,2
PJ4335,36
PJ5600,7
PJ6942,10
PJ4547,1
PJ2793,20
PJ4245,22
PJ1516,48
PJ0339,10
PJ4872,24
PJ1404,28
PJ3779,37
PJ5865,23
PJ4504,12
PJ4982,4
PJ2918,8
PJ6636,2
PJ1444,19
PJ5847,18
PJ1506,12
PJ1041,6
PJ1165,5
PJ7431,28
PC1210,1
PJ7010,18
PJ4114,5
PJ0039,11
PJ2527,74
PJ2834,47
PJ2936,38
PJ2762,68
PJ1250,24
PJ0744,15
PJ4924,30
PJ0204,14
PJ6986,21
PJ3110,34
PJ2317,55
PJ4104,10
PJ0781,6
PJ1782,41
PJ5993,4
PJ5805,10
PJ7094,1
PC0682,13
PJ4419,51
PJ4857,11
PC0757,2
PJ6355,2
PJ5571,8
PC0878,4
PJ3102,12
PJ2194,29
PC0893,8
PJ3436,14
PJ4384,10
PJ2764,21
PJ3585,11
PC0963,4
PJ3949,7
PC1245,8
PJ0930,14
PJ3663,3
PJ1102,20
PJ0429,10
PJ6677,10
PJ0952,22
PJ4141,9
PJ1073,2
PJ5586,10
PJ1059,26
PP0237,32
PJ3705,16
PJ6376,6
PJ2377,26
PJ1389,17
PJ5337,6
PJ2170,4
PJ0278,26
PJ4142,24
PP0660,14
PJ2468,9
PJ6593,4
PJ4012,5
PJ2481,10
PJ0569,37
PJ3677,28
PJ1064,18
PC1354,4
PC0226,10
PJ3544,2
PJ2489,28
PJ5070,12
PJ4089,168
PJ6173,19
PJ1889,46
PC0041,20
PJ0408,13
PJ5724,8
PJ4746,9
PJ3701,34
PJ2292,8
PJ0547,33
PC0823,4
PJ2441,13
PJ6527,4
PJ3445,19
PC0209,2
PJ7020,2
PC0313,12
PJ4126,6
PC1167,8
PJ4092,16
PJ4814,4
PJ0481,8
PJ3346,63
PC0035,25
PJ3730,11
PJ4999,19
PJ3813,36
PJ6641,4
PJ4874,4
PJ5360,19
PJ4864,5
PJ2672,10
PJ2838,50
PJ2392,23
PP0632,7
PJ4395,5
PJ1747,18
PJ2246,14
PC0577,8
PJ3738,32
PJ0518,23
PJ2249,22
PJ1114,5
PJ2174,6
PC0729,12
PJ6473,8
PJ5869,30
PJ4739,10
PJ6013,24
PJ7345,10
PJ4201,12
PJ3640,33
PP0626,65
PJ1358,59
PJ2219,4
PJ3549,20
PC0258,6
PP0652,56
PJ7013,16
PJ4760,6
PJ1921,5
PJ0055,20
PJ1017,12
PJ0250,25
PC0975,9
PJ0704,16
PJ5942,6
PJ5366,8
PJ5928,31
PJ5020,8
PJ3601,1426
PJ7012,27
PJ0687,16
PJ0541,47
PJ6844,22
PJ6889,13
PJ3574,22
PJ4554,48
PJ6925,4
PJ5676,29
PP0569,12
PJ2684,16
PJ0621,60
PJ1724,13
PC0770,13
PJ3919,6
PJ3079,37
PJ2746,2
PJ5781,4
PJ0513,34
PJ5580,2
PJ6132,3
PP0270,48
PJ5322,22
PJ3492,148
PJ3365,73
PC0260,57
PJ3144,20
PJ0245,20
PJ0630,28
PC0564,19
PJ5476,10
PJ0034,18
PJ3534,26
PJ2345,10
PJ1485,5
PJ6616,47
PJ3966,17
PJ0654,2
PJ3498,9
PP0156,7
PJ2293,7
PJ3456,17
PC0411,33
PJ2520,84
PJ2757,97
PC0973,15
PJ1873,30
PJ1117,18
PJ6241,2
PJ3143,6
PP0269,30
PJ3708,75
PJ2958,11
PC1396,15
PJ4228,16
PJ4223,6
PJ2118,15
PC0755,6
PJ0821,9
PJ7057,25
PJ6570,12
PJ4946,6
PJ3324,10
PJ7278,16
PJ0500,30
PJ3763,58
PJ1515,71
PJ0472,8
PJ4074,30
PJ5988,4
PJ6469,12
PJ3362,41
PJ5701,25
PJ2398,7
PJ4912,6
PJ0323,10
PJ5625,5
PJ6939,10
PJ1095,14
PJ1752,10
PJ5538,2
PJ3048,24
PJ2378,5
PJ1935,5
PJ6892,6
PJ0999,6
PJ2003,66
PJ2829,6
PJ2388,52
PJ1522,122
PC0430,151
PJ5616,21
PC1370,9
PJ0891,24
PJ3165,13
PJ6587,2
PJ2115,8
PJ6070,4
PJ3572,16
PJ1490,4
PJ0939,25
PJ0287,18
PJ7152,4
PJ1603,31
PJ4763,2
PJ4215,8
PC1033,182
PJ4654,1
PJ3468,10
PJ2165,7
PC0947,16
PJ4544,6
PJ1377,29
PJ6428,10
PJ7253,10
PJ2545,6
PJ3058,25
PJ1656,6
PJ2812,23
PJ3034,12
PJ4253,2
PC1339,2
PJ1520,14
PJ4529,2
PC1347,7
PC0776,13
PJ0581,7
PJ5761,11
PJ4406,2
PJ5813,14
PC1288,19
PP0570,6
PJ3051,10
PJ6217,13
PJ1804,22
PJ4171,2
PJ5208,9
PJ1880,153
PJ4826,55
PJ2522,12
PJ1863,20
PJ2283,14
PJ3820,2
PC1444,154
PJ4974,89
PJ2145,10
PP0698,8
PJ4929,16
PJ5038,7
PJ3569,14
PJ6042,6
PJ4817,42
PJ6777,4
PJ7418,13
PJ1885,17
PJ2104,88
PJ0267,2
PC0270,2
PJ1188,4
PJ1998,23
PJ4684,6
PJ5357,16
PJ2016,7
PJ7208,12
PJ1173,9
PJ5688,11
PJ1084,52
PWX001,312
PJ2509,61
PJ1033,20
PJ6066,10
PJ3950,15
PJ2043,20
PJ6438,20
PJ0015,101
PJ4387,23
PJ2906,6
PC1261,44
PJ1024,41
PJ1524,59
PJ5506,2
PJ3516,24
PC0155,7
PJ0527,27
PJ5799,2
PJ1028,17
PJ1487,16
PC0232,2
PJ2093,2
PC0309,20
PJ2634,15
PJ2886,6
PJ5460,26
PJ3246,28
PJ3031,20
PJ2005,6
PJ3565,23
PP0389,60
PJ2789,10
PJ0617,37
PJ6326,22
PJ4713,15
PJ4784,18
PJ4362,38
PC0076,37
PC0874,22
PJ5072,2
PP0337,5
PJ2573,40
PJ3896,6
PJ5788,18
PJ5856,2
PJ7230,17
PP0241,18
PJ1907,2
PJ4339,111
PP0509,2
PJ2487,43
PJ7227,11
PJ7058,4
PJ3315,45
PJ0936,60
PJ0600,8
PJ1853,8
PJ3430,42
PJ6477,11
PP0439,6
PJ5630,12
PJ2786,17
PJ1122,22
PJ6796,2
PJ3238,10
PJ4179,6
PJ6484,23
PJ5488,27
PJ7032,16
PJ1526,6
PJ4338,4
PC1331,13
PJ3228,8
PJ4091,17
PJ6212,11
PJ3740,4
PC0970,13
PP0716,8
PJ6416,11
PJ2077,5
PJ4213,6
PP0667,30
PJ6094,5
PJ7443,252
PJ3053,140
PJ4577,14
PJ5259,9
PJ2212,21
PJ0364,28
PJ2538,114
PJ2583,60
PJ0511,33
PC0331,37
PJ2865,16
PJ2661,2
PJ0958,50
PJ3398,28
PJ6872,33
PJ7018,9
PJ5358,18
PJ2502,3
PJ5952,7
PJ6408,9
PJ5566,2
PJ2563,34
PJ2754,40
PJ1894,16
PJ3258,20
PJ5583,23
PJ6955,24
PJ3133,8
PC1231,47
PJ0279,18
PJ0424,4
PC0780,14
PP0436,13
PJ5730,26
PJ1547,34
PJ4183,2
PJ2130,10
PJ5541,10
PJ2662,17
PJ6443,17
PC1158,2
PJ7401,6
PJ1608,22
PC0747,3
PJ3068,6
PP0321,629
PJ5427,38
PC1400,13
PJ3281,175
PC1264,34
PJ1517,25
PJ1474,36
PJ0710,11
PJ5123,28
PJ3088,18
PJ1296,25
PJ2495,31
PJ1387,14
PC0185,4
PJ0295,12
PJ2152,29
PJ4680,7
PJ3325,6
PJ3630,25
PP0210,8
PJ1971,4
PJ3356,5
PJ4096,4
PJ0650,21
PJ4329,12
PJ1797,78
PJ6020,81
PP0398,96
PJ3084,45
PJ5707,6
PJ7086,27
PJ6671,5
PJ2727,12
PJ1008,23
PJ2607,36
PJ5991,7
PJ0766,52
PJ3812,25
PC1146,31
PJ2578,6
PC0796,6
PJ2797,40
PC0789,4
PJ0404,14
PJ0857,3
PJ7088,20
PJ1618,10
PJ5485,6
PJ5709,4
PJ6168,6
PJ2857,10
PP0212,15
PJ3709,31
PJ1680,66
PJ1875,19
PJ6346,177
PJ6566,56
PJ0624,18
PJ5256,16
PJ5263,19
PC0227,13
PJ1498,6
PC0357,7
PJ0742,7
PP0649,8
PJ3783,20
PJ4368,27
PJ3046,24
PP0414,10
PJ2805,21
PJ0457,20
PJ4221,2
PJ2547,26
PJ4047,4
PJ4110,137
PJ6440,28
PJ1786,20
PJ4634,12
PJ6959,47
PP0519,30
PJ0949,23
PJ0588,91
PJ6836,4
PJ2073,19
PJ0641,129
PJ4685,2
PC1224,16
PC0790,8
PC0535,11
PC0777,5
PJ0348,16
PJ1508,19
PJ2652,3
PJ2460,13
PC0741,9
PC0127,10
PJ1666,21
PJ6607,9
PJ4039,8
PC0224,24
PJ7178,33
PC0312,20
PJ4175,4
PC1190,62
PJ4444,68
PJ3793,137
PC1213,20
PJ2176,80
PJ0767,23
PJ7474,33
PJ3578,17
PJ1879,24
PC0187,59
PJ2498,16
PJ3654,44
PC1236,15
PJ6079,4
PJ2536,8
PJ2266,13
PJ4437,20
PJ1946,24
PJ3397,3
PJ1066,7
PJ0860,36
PJ3927,15
PJ5628,4
PJ0924,34
PP0311,6
PJ1543,8
PJ4494,22
PJ2231,47
PJ5467,32
PJ0853,49
PJ5652,8
PJ1847,4
PJ7276,2
PJ0919,19
PJ3364,30
PJ6795,11
PJ3830,6
PJ3452,11
PJ3742,37
PJ7249,4
PP0365,46
PJ6736,8
PC0089,4
PC0447,4
PJ3109,16
PJ4919,5
PJ7017,3
PJ0310,4
PJ5461,5
PJ2248,28
PJ1528,6
PC1115,11
PJ3600,21
PJ4555,71
PJ3374,109
PJ3101,22
PJ3311,9
PJ0683,59
PJ2960,178
PJ5731,12
PJ6937,27
PJ3584,88
PJ2358,14
PJ2776,96
PJ5946,42
PJ5902,41
PJ3386,32
PJ2177,2
PJ5084,8
PJ5758,7
PJ1248,25
PJ1774,6
PJ2885,14
PJ2827,36
PJ3158,16
PJ1316,7
PJ6312,10
PJ0875,4
PJ2539,94
PC0358,16
PJ2794,24
PJ1223,8
PJ5670,10
PJ2979,11
PJ7125,25
PJ5638,33
PJ1426,36
PJ0477,8
PJ3675,7
PJ5105,32
PJ0603,28
PJ0397,4
PP0575,6
PJ3473,23
PJ2328,2
PJ0200,51
PP0564,2
PJ0957,20
PJ0904,18
PJ3523,11
PJ5589,2
PJ4500,11
PC1351,16
PJ6069,7
PC0481,4
PJ5922,12
PJ3149,3
PJ4649,10
PJ1710,17
PC0081,14
PJ6508,8
PJ7083,60
PJ0551,31
PJ7373,16
PJ6682,8
PJ0906,49
PJ2569,8
PJ1076,10
PJ0659,12
PJ5382,25
PC0276,2
PC0824,2
PJ2651,93
PJ1144,8
PC0316,25
PC0685,13
PJ7034,41
PP0406,6
PJ1746,4
PC0851,2
PJ1991,12
PJ1115,43
PC1233,4
PJ2507,36
PJ6876,99
PJ2908,36
PJ1241,54
PJ6439,153
PJ0877,37
PJ5377,29
PJ0940,8
PJ2132,75
PJ5015,4
PJ3796,42
PC1234,31
PC1453,6
PJ6397,20
PJ0748,40
PJ3181,13
PJ0164,18
PJ4794,6
PJ5294,4
PJ4829,4
PJ2346,6
PC0562,3
PS0012,2
PJ3254,17
PC0354,22
PJ0791,12
PJ4629,22
PJ1068,37
PJ0979,17
PJ3836,32
PJ3163,120
PP0129,61
PJ0325,36
PJ2706,97
PJ2858,8
PJ2675,38
PJ4393,13
PJ3686,23
PJ4290,12
PC1118,121
PJ7318,16
PJ5364,36
PJ4065,19
PJ2686,7
PJ2188,8
PJ0478,7
PJ2414,8
PJ6811,4
PJ4764,1
PJ7140,17
PC1360,12
PJ1901,14
PJ4597,6
PJ2050,15
PJ7055,30
PJ1585,57
PJ7029,14
PJ3688,77
PJ0489,20
PJ3126,68
PJ7221,13
PJ7022,12
PJ4249,3
PJ6833,23
PJ4564,23
PJ3988,17
PJ4922,34
PJ7023,40
PJ4209,30
PC0571,4
PJ3520,10
PJ4327,6
PP0145,15
PC0225,4
PP0375,17
PJ6608,8
PC1192,25
PJ7158,160
PJ3916,100
PJ6267,6
PJ3298,20
PJ6815,30
PJ1132,4
PC1274,55
PJ4627,27
PJ0749,8
PJ5675,17
PJ6759,15
PJ7237,13
PC0718,4
PJ2062,34
PJ6237,5
PJ6517,3
PJ1662,6
PJ2964,10
PJ1422,22
PJ6960,5
PC0030,4
PJ4901,4
PC0876,11
PJ2116,8
PJ4061,4
PJ6155,4
PP0256,113
PJ0862,47
PJ6541,19
PP0712,142
PJ0282,28
PJ5718,98
PJ3226,43
PJ7267,77
PC0071,3
PJ4979,28
PJ3136,13
PJ0843,12
PJ6259,35
PJ2640,37
PC0977,15
PJ1194,28
PJ7000,40
PJ4083,4
PJ5997,10
PJ4066,2
PJ0808,6
PJ3939,4
PJ1198,2
PJ2956,34
PJ5295,62
PJ3945,24
PP0454,30
PJ0504,24
PJ5508,15
PJ4697,14
PJ2234,42
PJ5138,58
PJ2940,17
PJ3306,58
PC0726,4
PJ6147,15
PJ0871,4
PJ2737,11
PJ4984,12
PJ2641,57
PJ3400,35
PJ6968,11
PJ1928,12
PJ6803,5
PJ1589,10
PJ6026,22
PJ3596,20
PJ5053,4
PJ5893,38
PJ2088,101
PJ5483,9
PJ1953,36
PP0245,18
PC0032,18
PJ0670,33
PJ4591,68
PJ1711,20
PJ1713,5
PC0277,29
PJ3202,10
PC0412,26
PJ2430,12
PJ1361,24
PJ2280,10
PJ6476,13
PJ1947,9
PJ3958,20
PJ3943,18
PJ2962,6
PC0904,2
PJ3801,5
PJ6331,27
PJ1468,18
PJ5455,8
PJ2852,11
PJ3093,10
PP0235,7
PJ1227,56
PJ5302,6
PP0402,206
PJ2142,14
PJ3979,36
PJ2894,66
PJ3606,14
PJ2092,32
PJ2529,22
PC0148,2
PJ2297,37
PJ7107,24
PP0306,8
PJ2826,8
PJ3581,46
PJ0785,7
PJ5210,13
PJ3562,14
PJ0651,39
PJ6727,28
PJ6606,9
PJ0226,13
PJ7157,18
PJ1541,4
PJ0413,12
PJ0691,47
PJ5985,18
PJ6933,20
PJ1060,13
PJ1234,13
PJ6462,14
PC0206,2
PJ2653,28
PJ1256,12
PJ2788,23
PJ0065,2
PJ0556,26
PJ6532,6
PC1289,8
PJ1531,27
PJ0778,19
PJ3090,10
PJ0456,35
PP0258,70
PC0078,37
PJ5996,13
PJ6059,25
PJ1240,8
PC0501,2
PJ5587,5
PJ4144,17
PJ6991,10
PJ0792,14
PJ5111,9
PJ6111,4
PJ6436,20
PJ3459,90
PJ7135,14
PJ1431,15
PJ5738,16
PJ4203,59
PP0567,14
PJ5692,12
PJ5711,48
PJ6109,11
PJ3244,21
PJ3454,15
PJ6589,11
PJ1054,4
PJ1705,18
PJ3192,12
PJ5878,4
PJ3747,5
PJ0872,6
PJ6360,48
PJ3842,21
PJ4996,8
PJ6711,12
PJ0439,8
PJ2983,6
PJ4849,2
PJ6324,4
PC0918,31
PJ0341,21
PJ4862,32
PJ2542,48
PJ0315,6
PJ3185,22
PJ2183,17
PJ2296,19
PJ5981,19
PJ0427,21
PJ5441,5
PJ0322,14
PJ5582,6
PJ1023,8
PJ1968,22
PJ2437,13
PJ2069,8
PJ1131,5
PJ0050,35
PJ1963,1
PJ0868,2
PJ0760,10
PJ6199,13
PJ5063,205
PJ6961,78
PJ0751,81
PJ2683,41
PJ1772,13
PJ5124,6
PJ2429,32
PJ0193,32
PJ6749,9
PJ5140,7
PP0396,11
PJ2268,2
PJ4078,20
PJ0028,6
PJ1835,6
PJ5471,5
PC0302,8
PJ6644,12
PJ0494,31
PJ0697,11
PJ7346,2
PJ0953,39
PJ6049,34
PC1211,46
PJ6625,66
PJ3635,10
PJ3704,65
PP0324,131
PJ4292,68
PJ7250,54
PJ1423,4
PJ4517,16
PJ4407,11
PJ1301,12
PJ6724,23
PC0199,4
PJ0847,2
PJ0626,35
PJ2521,9
PJ2861,10
PJ5318,7
PJ1532,6
PJ5933,14
PJ1811,9
PC0485,5
PJ6391,5
PJ0835,2
PJ6228,6
PJ2966,53
PJ1384,26
PJ1233,21
PJ7132,10
PJ7409,10
PJ6725,27
PJ0700,6
PJ4448,5
PJ2715,8
PJ2750,19
PJ1441,15
PJ3625,4
PJ5492,21
PJ4523,1
PJ1104,6
PJ5098,7
PJ4811,8
PJ5921,306
PC1092,37
PJ4708,4
PJ0795,57
PC1298,10
PJ6741,2
PJ3923,2
PJ0252,39
PC0524,2
PJ0241,11
PJ6021,45
PJ2526,21
PJ1869,24
PC0129,24
PC0168,30
PC0067,2
PJ4793,7
PJ2943,17
PJ2406,9
PJ2891,17
PJ1286,25
PJ3750,6
PJ4320,3
PJ3018,10
PC0799,9
PJ2286,10
PJ5907,4
PJ4990,578
PJ6720,9
PJ2782,6
PJ3275,37
PJ0236,47
PJ1887,20
PJ0445,8
PJ6576,33
PJ2094,86
PJ7143,10
PJ5491,2
PJ4719,22
PJ6045,21
PJ6688,2
PC1175,18
PJ3557,40
PJ6548,4
PJ0592,8
PJ6699,14
PJ0663,129
PJ4170,29
PJ0973,31
PJ3037,14
PJ5451,5
PJ7036,4
PC1141,42
PJ2187,30
PP0580,16
PJ6507,16
PJ2117,11
PJ5644,14
PJ0998,16
PJ4115,7
PC1413,44
PJ1904,47
PJ0752,39
PP0066,2
PJ0740,14
PJ1697,4
PJ3008,16
PJ6789,4
PJ5682,8
PJ3416,6
PJ3045,114
PJ2777,19
PP0573,16
PP0680,8
PJ2264,89
PJ0385,169
PJ6187,4
PJ0640,52
PJ4272,19
PJ2396,22
PJ5246,14
PJ0467,42
PJ0754,13
PJ2975,12
PC0683,8
PJ2742,23
PJ0724,6
PJ1690,26
PJ4486,10
PJ3196,17
PJ4875,18
PJ5755,8
PJ6492,2
PJ2479,10
PJ4800,36
PP0264,2
PJ0197,8
PC0344,6
PJ3224,30
PJ2011,168
PJ6174,442
PJ2603,4
PJ1014,66
PC0374,31
PJ1668,36
PJ7438,2
PC1152,40
PC0514,56
PJ2449,51
PJ0762,46
PJ0260,17
PJ4642,31
PJ4886,10
PJ3636,10
PC0040,17
PJ4986,41
PJ0026,46
PC0856,8
PJ5962,14
PJ5622,3
PJ5001,2
PJ0343,8
PJ0280,8
PP0282,37
PC1200,27
PJ3318,27
PJ3798,82
PJ0321,21
PJ0332,20
PJ7333,33
PJ1307,82
PJ4014,20
PJ1205,9
PJ0695,16
PC0946,20
PJ6550,3
PJ2257,2
PJ0330,6
PJ3936,10
PC0118,12
PJ0887,20
PC0406,196
PJ3139,52
PJ2769,24
PJ4896,11
PJ4728,43
PJ7293,73
PC0764,25
PJ2564,92
PJ1439,13
PJ5770,10
PC0591,26
PC0581,43
PJ5557,30
PJ6172,6
PJ3300,6
PJ1440,29
PJ4482,19
PJ6018,9
PC1240,4
PC1051,2
PJ5449,20
PJ4761,4
PJ0223,16
PC0101,7
PJ1719,11
PJ3460,93
PJ1040,41
PJ2844,44
PJ4852,18
PC0648,12
PJ3301,7
PJ3220,15
PJ4607,14
PJ5765,17
PJ4735,2
PJ2451,9
PJ1079,38
PJ2367,10
PJ2920,16
PJ3604,6
PJ7136,22
PJ3026,15
PJ6240,2
PJ1421,16
PJ0532,16
PJ3057,20
PJ0359,3
PJ6974,2
PP0226,6
PJ2029,17
PJ4861,25
PC0449,2
PJ0540,57
PJ4910,25
PJ1791,350
PJ0734,30
PJ0745,40
PJ4696,6
PJ1447,47
PJ7394,10
PJ3706,32
PP0535,12
PJ2860,17
PJ6063,16
PJ0139,2
PJ0487,34
PJ2126,14
PJ5167,13
PJ2379,10
PC1002,17
PJ1434,8
PJ0301,10
PJ0182,2
PJ0454,16
PJ2807,26
PJ2871,11
PJ4871,6
PJ3736,68
PJ2561,66
PJ0001,36
PJ0384,2
PJ2100,10
PJ5594,6
PJ1475,36
PJ2770,16
PJ6406,21
PJ4882,36
PC1006,54
PC0843,16
PJ5262,6
PJ3216,6
PJ6481,203
PJ0955,12
PJ0647,70
PJ0737,69
PJ7360,75
PJ7452,12
PJ1751,25
PJ0324,16
PJ6830,87
PJ4911,27
PJ3954,16
PJ4638,9
PC0439,47
PJ6599,6
PJ3359,16
PJ4351,33
PJ5681,2
PJ6038,6
PJ2105,4
PJ2340,21
PJ4435,4
PC0865,6
PJ5569,6
PJ4589,4
PC1095,7
PJ0827,10
PJ1803,13
PJ0459,4
PJ5854,8
PJ2224,19
PJ3024,34
PJ6818,24
PJ4991,6
PJ5615,21
PJ3957,2
PJ2568,24
PJ2199,25
PJ0087,4
PJ5796,7
PJ0485,6
PJ5275,8
PJ1926,6
PJ1091,25
PJ5314,8
PJ4978,15
PJ2700,3
PJ4178,6
PC1137,5
PJ3124,15
PJ3875,3
PJ0893,7
PJ4023,4
PJ1306,4
PJ4519,19
PJ5499,28
PJ7201,4
PJ5702,114
PJ3464,26
PC0403,16
PC1176,8
PJ1359,33
PJ5649,33
PJ3493,81
PJ6490,66
PJ2205,28
PJ4803,40
PJ0543,16
PJ1890,25
PJ4666,4
PP0303,22
PJ2516,4
PC0722,2
PJ0981,8
PJ3186,14
PJ6627,20
PJ5145,51
PJ5033,15
PJ1175,48
PJ1476,29
PJ2590,17
PJ6180,5
PJ4824,29
PJ2877,6
PJ1644,4
PJ0902,13
PJ6871,43
PJ6225,15
PJ1701,37
PJ5212,10
PJ3176,2
PJ5431,6
PJ4441,31
PJ0342,16
PC1064,43
PJ4070,26
PJ1495,5
PJ5623,21
PC1135,15
PJ2031,12
PJ0354,12
PJ3741,47
PJ1924,8
PJ1055,29
PJ3602,8
PJ6485,56
PP0582,9
PJ3478,11
PJ7309,6
PJ3357,18
PJ0559,19
PJ1826,7
PJ5135,18
PJ6814,10
PJ1345,33
PJ0597,34
PJ1678,60
PJ1992,17
PJ1383,27
PJ2580,46
PJ5496,28
PJ2299,13
PJ2121,7
PC0386,75
PJ3944,18
PJ7139,27
PJ2119,6
PC0513,4
PJ3040,8
PJ4813,7
PJ5349,14
PJ5510,9
PJ4382,6
PJ1052,23
PJ4276,24
PJ2753,66
PP0345,16
PJ1948,34
PJ3071,16
PJ0497,12
PJ4242,55
PJ2909,39
PJ4011,22
PJ4180,9
PJ4492,24
PJ3092,30
PJ0340,12
PJ2112,7
PC0211,8
PJ2156,12
PJ1006,43
PJ7003,21
PJ4976,4
PJ6810,6
PJ0980,1
PJ3637,51
PC0748,10
PJ2393,8
PJ4120,2
PJ3517,23
PJ2845,20
PJ0614,39
PJ0764,12
PJ2459,83
PJ7415,26
PJ6661,32
PJ6705,4
PJ1409,4
PC0866,11
PJ6025,26
PJ5332,29
PJ1876,12
PJ0409,37
PJ2602,10
PJ1078,14
PP0561,6
PJ0747,11
PC0420,6
PJ3926,14
PC0234,8
PJ2085,6
PJ4977,4
PJ2363,10
PJ2848,2
PJ1374,26
PJ6158,89
PJ3955,7
PJ3925,16
PJ6695,97
PJ4235,8
PJ1469,12
PJ5818,9
PJ1109,11
PJ2730,14
PJ3759,7
PJ0428,12
PJ2483,14
PJ2660,37
PJ1925,4
PJ7304,13
PJ1063,15
PC1364,14
PJ4127,13
PJ2501,11
PJ4003,6
PC0421,6
PJ3653,29
PJ2532,29
PJ0554,65
PJ0490,4
PJ3022,13
PJ1624,9
PJ2633,5
PJ4830,1
PJ5739,6
PP0474,11
PJ6076,163
PJ6022,12
PJ2988,16
PJ2976,19
PJ3211,46
PJ6980,6
PJ5199,20
PJ6497,40
PJ6802,14
PJ2972,17
PJ3735,8
PJ6538,36
PJ4305,28
PJ3019,93
PP0316,18
PJ6951,6
PC0766,20
PJ3064,8
PJ5515,12
PJ0934,22
PC1129,13
PJ7098,36
PJ1694,12
PJ0069,94
PP0141,31
PJ4264,10
PC0732,12
PJ3363,22
PJ5545,20
PJ6947,23
PJ1910,52
PJ1222,5
PJ3151,19
PJ0851,19
PJ4006,22
PP0621,10
PJ2733,13
PJ2002,8
PJ2164,22
PC0596,6
PJ0515,15
PJ4455,16
PJ2870,4
PC0543,8
PJ4222,8
PJ5581,4
PJ6660,105
PJ0882,40
PJ3056,44
PP0624,4
PC1440,2
PJ7117,10
PC1154,2
PJ6378,9
PJ1695,23
PJ1363,5
PJ3232,53
PJ3823,29
PC1062,22
PJ4186,3
PJ3595,10
PJ1051,8
PJ2491,24
PJ3743,11
PJ7042,17
PJ2531,16
PJ7471,7
PC0200,12
PJ0189,4
PJ4553,8
PJ5475,9
PJ1143,147
PJ2658,10
PJ4883,164
PJ2012,14
PC1130,332
PJ1533,28
PJ6227,21
PJ2263,23
PJ3865,5
PP0446,18
PJ5458,28
PJ1478,73
PJ1990,4
PJ2047,30
PJ5114,14
PJ6389,1
PJ2626,2
PJ0303,18
PC1375,25
PJ1080,15
PJ6696,4
PJ4358,3
PJ1693,12
PJ6950,2
PP0576,9
PJ7121,27
PJ1623,18
PJ1135,8
PJ3351,22
PJ2553,54
PJ4567,16
PJ2880,8
PJ5169,19
PJ0625,7
PJ5457,14
PJ2868,16
PJ2290,14
PJ4116,6
PJ6410,11
PJ1219,16
PJ1086,15
PC1304,4
PJ5947,27
PJ4559,5
PJ5966,7
PJ1760,7
PJ2574,37
PJ1749,26
PC0335,2
PJ5468,2
PC0396,2
PJ2808,21
PJ4839,11
PJ3129,8
PJ3418,4
PJ3985,13
PJ2146,12
PJ0524,4
PC0437,14
PJ6806,4
PJ4279,11
PJ1779,36
PP0587,17
PJ1459,9
PJ3981,41
PJ3540,10
PJ2874,61
PP0591,23
PJ6265,6
PJ7358,5
PJ0783,16
PJ2614,24
PJ1954,21
PJ0913,14
PJ5113,10
PJ6912,8
PJ2977,9
PJ7150,14
PJ3881,2
PJ2955,18
PC0356,26
PJ3394,10
PC0219,9
PJ4503,80
PJ7255,105
PJ6726,7
PJ1969,45
PJ3442,26
PJ5785,10
PJ6096,6
PJ7446,14
PJ2127,30
PJ1909,23
PJ0799,40
PJ0450,4
PJ3285,31
PJ5495,2
PC0100,6
PJ1893,9
PJ6482,4
PJ1798,31
PJ0208,8
PJ1176,9
PJ2054,25
PJ6990,8
PJ2758,13
PC1386,14
PJ2992,1
PJ4858,29
PJ6315,8
PC0410,15
PJ2669,63
PJ3990,17
PJ0538,67
PJ1341,10
PJ1569,25
PP0347,37
PJ5535,10
PJ6867,6
PJ3177,14
PJ3545,14
PJ4304,7
PJ3682,4
PC0804,4
PJ1929,15
PJ6848,4
PJ3515,11
PJ6041,11
PJ6656,15
PJ5537,17
PC0402,2
PJ0417,8
PJ1568,7
PJ2438,21
PJ6970,2
PC0822,2
PJ4196,14
PJ5890,13
PC0262,60
PJ1906,147
PJ1151,2
PJ6692,6
PJ3703,66
PJ1771,4
PJ6496,47
PJ1445,36
PJ5258,4
PJ2508,16
PC0855,10
PJ6248,3
PJ3649,75
PJ1759,4
PJ1795,20
PJ2643,6
PJ2787,22
PJ6891,5
PJ3495,8
PC1013,11
PJ4167,24
PJ3360,9
PJ6274,30
PJ1938,507
PJ1088,18
PJ2066,10
PJ7326,8
PJ3775,19
PJ5268,10
PJ3091,13
PJ4489,16
PJ4917,15
PJ1905,3
PJX001,21
PCX038,9
PJ0856,45
PC0268,9
PJ0987,18
PC0502,18
PJ4381,7
PJ3074,6
PJ2282,12
PP0584,7
PJ1046,879
PJ3039,6
PJ2558,30
PJ2917,14
PJ2995,10
PJ0546,17
PC0233,14
PJ6514,25
PJ7112,16
PC0827,8
PJ7184,13
PJ0735,8
PJ2327,37
PJ5751,35
PJ5918,17
PJ5385,5
PJ1171,24
PJ6743,4
PJ5777,7
PJ2724,11
PJ4753,6
PJ4212,23
PJ2864,29
PJ1577,5
PJ1458,4
PJ0018,12
PJ4399,98
PJ6977,31
PP0393,4
PJ4727,22
PJ3225,28
PJ3771,108
PJ4913,4
PJ4172,25
PJ0234,18
PJ6575,18
PP0596,12
PJ2768,39
PJ4938,4
PJ3424,28
PJ5442,9
PC1164,9
PP0380,22
PJ6328,2
PJ6631,3
PJ2304,10
PJ0879,30
PJ6709,11
PJ6808,6
PJ7035,12
PJ3610,29
PJ3940,4
PJ0911,4
PJ3488,21
PC1099,28
PJ1481,4
PJ2237,35
PJ1072,20
PJ6339,2
PJ0020,16
PJ1781,16
PJ2161,9
PC1100,8
PJ3050,55
PC0343,6
PJ5647,6
PJ4842,10
PJ1720,4
PJ5720,15
PJ5520,5
PJ6415,24
PJ1748,12
PJ2457,31
PJ6816,10
PJ1548,28
PJ6148,16
PJ0544,172
PJ0771,45
PJ3230,24
PJ3999,10
PJ4202,18
PJ1398,117
PJ6716,17
PJ0798,67
PJ2930,4
PC0572,2
PJ6083,4
PJ3475,13
PJ4422,14
PJ5687,4
PJ0122,2
PC0969,2
PJ3403,42
PJ2143,25
PJ2510,37
PJ6453,156
PJ5656,13
PJ4563,7
PJ0982,10
PJ0574,22
PJ2855,86
PJ6107,43
PJ1850,5
PJ4464,13
PJ4034,19
PJ5951,5
PJ1648,2
PC1332,6
PJ0719,3
PJ2702,22
PC0693,7
PJ2693,8
PJ3229,72
PJ4131,29
PJ5097,2
PJ6542,81
PJ2615,40
PJ3255,96
PJ3437,24
PJ3433,4
PJ5769,34
PJ1026,33
PJ0389,9
PC0338,36
PJ1166,14
PJ1207,8
PJ4216,13
PJ6394,15
PC1020,12
PJ6966,22
PJ1327,33
PC0140,8
PC1371,54
PC0426,8
PP0339,56
PJ7204,22
PJ7111,174
PJ6495,10
PJ6262,7
PJ2343,23
PP0682,4
PJ1360,18
PJ5579,19
PJ3880,65
PJ6524,32
PJ2680,14
PJ3153,4
PC0744,1
PJ4934,82
PJ7006,2
PJ5779,8
PJ6904,26
PJ4072,13
PJ2961,14
PC0550,4
PP0606,3
PC0315,12
PJ6343,2
PJ3844,4
PJ0528,20
PJ2445,14
PJ5808,19
PC0928,57
PJ2214,18
PJ4188,2
PJ3098,10
PC0069,4
PJ5924,12
PJ1019,22
PJ6798,14
PJ7074,9
PJ4176,7
PJ5430,10
PJ1494,27
PJ0558,2
PJ0210,5
PJ6014,12
PJ0765,13
PC0949,28
PJ2738,53
PJ4916,18
PJ2004,26
PJ3974,2
PJ3845,42
PJ2606,43
PJ1097,31
PJ1153,52
PJ3309,11
PJ1001,46
PJ1343,37
PJ3313,30
PJ6036,14
PJ6997,10
PJ0516,8
PJ2225,21
PJ4210,34
PJ1714,6
PC0867,15
PJ0829,2
PJ1295,30
PJ2967,14
PJ2663,17
PJ3204,17
PC0896,8
PJ3690,29
PJ5347,20
PJ3159,18
PJ6758,7
PJ2989,16
PC0885,4
PJ2405,7
PJ2892,24
PJ0391,18
PP0559,2
PC1322,14
PJ1598,4
PJ3907,16
PJ7220,113
PJ3379,48
PJ2740,22
PJ2905,24
PJ3152,24
PC1112,72
PJ0769,20
PJ2594,8
PJ5146,4
PJ2657,9
PJ0367,28
PJ0227,6
PP0674,29
PC0921,6
PJ0373,18
PC0731,2
PJ3781,28
PJ7472,10
PJ1736,30
PJ6216,16
PJ3785,14
PJ3526,64
PC1180,70
PP0287,78
PJ3319,18
PJ4438,16
PJ6544,4
PJ6210,36
PJ2518,11
PJ5315,8
PJ7263,4
PJ2033,15
PJ4418,5
PJ3451,22
PJ6865,7
PJ0570,8
PJ2803,33
PJ5548,27
PJ0787,12
PJ2184,4
PJ5635,2
PJ6478,7
PJ1332,39
PC0460,39
PP0351,7
PJ6562,35
PJ4967,6
PJ1237,19
PJ2723,35
PJ2801,77
PC0440,4
PJ4042,25
PJ3097,37
PJ5214,27
PJ6034,10
PJ4372,8
PJ1245,4
PC0719,4
PJ2887,17
PJ1628,8
PJ4801,25
PJ0415,9
PJ7404,388
PJ5440,2
PJ3480,18
PJ0805,27
PJ5930,2
PJ2585,12
PJ0338,4
PJ4899,10
PP0448,6
PJ0276,26
PC0239,18
PJ6822,9
PJ5418,4
PJ2517,1
PJ5897,34
PJ2771,166
PJ1225,27
PJ3729,19
PJ6377,45
PJ3583,7
PJ5646,13
PJ4118,22
PJ3200,41
PJ3027,12
PJ0488,7
PJ3277,72
PC0157,2
PJ2591,4
PC0171,6
PJ3745,5
PJ4005,13
PJ4296,20
PJ0403,12
PJ4730,9
PJ3194,11
PJ0865,139
PC0434,12
PJ5405,45
PJ7101,40
PJ4147,18
PJ5540,11
PJ4796,2
PJ7270,14
PJ3352,18
PJ3862,18
PJ1934,19
PJ3138,10
PJ3639,27
PJ6590,30
PJ4002,52
PC1049,8
PJ0901,4
PP0424,27
PP0692,5
PJ6734,16
PJ4956,18
PJ5986,43
PJ0995,7
PJ1448,48
PJ1074,6
PJ6637,43
PJ6003,98
PC0736,3
PJ0299,43
PJ3342,10
PJ6419,25
PJ2402,6
PJ7239,59
PJ3030,8
PJ2021,8
PJ1738,13
PC0618,11
PC1153,2
PJ4641,2
PJ6245,13
PC0854,13
PJ1872,6
PC0361,5
PJ6084,6
PP0318,5
PJ0140,4
PJ2833,11
PJ6263,2
PC0709,4
PJ3641,77
PJ2482,100
PJ0894,203
PJ7411,37
PJ5085,102
PC1337,15
PLX001,15
PJ3871,50
PC0623,10
PJ3197,8
PJ3284,32
PJ3310,3
PJ3292,32
PJ0506,41
PJ4036,2
PJ2843,31
PCX043,8
PJ4790,7
PJ5393,33
PJ0584,15
PJ3670,6
PJ0025,17
PC0285,5
PJ0925,42
PJ0573,67
PJ4392,24
PC0749,66
PJ3296,9
PJ1788,13
PJ1081,25
PJ2968,64
PJ6077,16
PJ5844,28
PC0146,14
PJ1007,8
PJ7183,22
PJ1871,27
PJ3505,17
PJ5529,19
PJ2022,6
PJ1842,6
Uknown,1279
PC1315,14
PJ2921,10
PJ5539,6
PJ4630,12
PC0375,27
PJ0623,88
PJ5190,20
PJ4570,20
PJ3599,31
PJ5454,4
PJ2741,36
PJ2426,41
PC0180,12
PJ4160,3
PJ0548,14
PJ5883,45
PJ2903,14
PJ2819,4
PJ0720,6
PJ3406,17
PJ4263,2
PJ3669,2
PJ1057,4
PJ3003,4
PJ6352,8
PC1357,10
PC0678,76
PJ4270,43
PJ2939,26
PJ3993,15
PJ6441,8
PC1362,51
PJ6598,78
PC1122,4
PJ6288,42
PJ3387,3
PJ2781,5
PJ1755,19
PJ6385,8
PJ1818,39
PC0525,2
PJ5397,2
PJ3253,13
PJ0794,36
PJ0300,31
PC0566,2
PJ2415,14
PJ1181,2
PJ2242,1
PJ2944,40
PJ0444,10
PJ4111,11
PJ0878,13
PJ4278,4
PJ0539,25
PJ0608,241
PJ2070,42
PJ5340,12
PJ5845,8
PJ5970,17
PJ3263,26
PJ6547,6
PJ6208,27
PJ2499,66
PJ2344,10
PC0728,4
PJ6850,19
PJ2540,25
PJ0496,69
PJ5339,2
PC0617,18
PJ1537,5
PC1030,7
PJ2796,11
PJ5584,2
PJ7410,2
PJ5331,10
PC1402,6
PC1066,2
PJ3964,4
PC1429,1
PJ3207,11
PJ1839,185
PC0863,361
PC0647,20
PJ3571,25
PJ2704,5
PP0622,2
PJ6188,84
PC0510,5
PJ3108,35
PJ1140,26
PJ6614,51
PJ0848,55
PJ4356,10
PJ6639,19
PJ1754,1
PC0365,2
PC0565,2
PJ7128,40
PJ1281,16
PJ2190,6
PJ2443,1
PJ3514,21
PJ4343,4
PJ3161,14
PJ2226,96
PJ0731,59
PJ7216,66
PJ6368,122
PC0539,18
PJ7045,10
PJ1208,11
PJ1355,4
PJ5239,8
PJ4834,43
PJ6498,16
PJ2110,21
PC0765,2
PJ3307,22
PJ1094,11
PJ3014,30
PJ4963,4
PJ3212,18
PP0415,12
PP0638,2
PJ2259,3
PJ0360,42
PJ3629,59
PJ0207,14
PJ4498,18
PJ2971,34
PJ2709,10
PJ1615,17
PJ6493,35
PJ4470,5
PJ5908,21
PJ6156,2
PJ0380,4
PJ7089,2
PP0377,24
PJ2252,14
PC0608,6
PJ3618,10
PJ0726,2
PJ2071,10
PJ4575,40
PJ6708,55
PJ2389,7
PJ6982,34
PC1126,4
PJ5334,29
PJ2974,63
PJ5509,11
PJ5668,6
PJ2619,14
PP0227,40
PJ2300,2
PC0733,6
PJ7306,5
PJ0536,14
PJ6780,2
PC0117,11
PJ2428,12
PC1252,7
PJ2134,12
PJ1050,8
PJ3180,7
PJ2650,415
PJ5260,10
PJ7460,15
PJ5684,17
PJ4571,14
PJ4487,14
PJ0927,4
PJ2178,17
PC0616,37
PJ6673,22
PJ3874,24
PJ4543,8
PJ2760,26
PC1308,16
PJ4823,5
PJ4786,40
PJ6061,14
PJ0866,18
PJ4449,11
PJ5857,2
PJ2836,24
PJ6258,2
PJ2617,11
PC0578,19
PJ0495,2
PJ3173,10
PJ6353,2
PJ7103,2
PJ0202,26
PJ3155,56
PC1348,2
PP0317,381
PJ3080,24
PJ3504,10
PJ0613,89
PJ0947,10
PJ0507,22
PJ2238,20
PJ6350,70
PJ0942,94
PC0256,19
PJ2185,25
PJ2325,63
PC1008,2
PJ7236,38
PJ0150,2
PJ3617,9
PJ6978,9
PJ5435,3
PJ2571,8
PJ2638,2
PJ1689,2
PJ3908,6
PJ0606,12
PJ1587,6
PJ5778,2
PJ3491,14
PC0828,141
PJ2739,15
PJ5502,5
PJ2779,18
PC0661,6
PJ4158,14
PC1247,12
PJ4576,18
PJ7319,13
PJ5482,2
PJ4255,14
PC1025,44
PJ3479,7
PJ5957,2
PJ3724,29
PJ4822,19
PJ4613,6
PJ4162,4
PJ3116,39
PJ3323,39
PJ5160,4
PJ5912,21
PJ1542,6
PJ4557,27
PJ3327,112
PJ3715,14
PJ2931,12
PC1219,34
PJ1674,7
PJ2820,76
PJ1394,6
PJ2525,5
PC0125,11
PJ6662,15
PJ2323,12
PJ6745,13
PJ5200,15
PJ6093,12
PJ1658,8
PJ1185,2
PJ0844,20
PJ6666,4
PJ2313,12
PJ3588,8
PC0933,7
PJ6584,4
PJX002,16
PC1218,2
PJ6215,27
PJ6581,19
PJ2648,50
PJ5998,45
PP0346,8
PJ6805,8
PJ5176,2
PJ4323,22
PJ0590,64
PJ4238,40
PJ3684,24
PJ6680,67
PJ6345,14
PC1377,2
PJ1456,4
PC0166,9
PC0895,21
PJ1228,19
PJ6702,6
PJ1230,7
PJ2158,19
PJ5196,14
PJ3774,73
PC0213,108
PJ2778,10
PC0696,3
PJ0943,2
PJ4879,26
PJ5791,30
PJ6874,35
PJ0658,11
PJ4471,6
PJ2625,14
PJ4420,7
PJ4431,29
PJ2144,7
PC0889,7
PJ1651,8
PJ3685,8
PJ6511,9
PJ5551,10
PJ7343,2
PJ7327,2
PJ3182,53
PJ3169,7
PJ3391,12
PJ3231,47
PJ1735,197
PJ7138,12
PJ5798,24
PJ2172,492
PJ7194,28
PJ2350,14
PJ0549,8
PJ6853,100
PJ7037,59
PJ0479,31
PJ3282,34
PJ1351,7
PJ7092,6
PJ4643,37
PJ2784,30
PJ4225,15
PJ3089,18
PC1355,4
PJ0728,12
PJ4490,14
PJ2551,12
PJ5653,64
PJ0978,12
PJ2320,51
PJ6973,26
PJ5096,4
PJ3134,40
PJ3245,6
PJ0293,26
PJ5629,29
PJ6390,17
PJ0422,33
PJ3965,24
PC1023,2
PC0288,1
PJ5941,2
PJ2503,26
PJ2570,18
PJ4109,10
PJ3559,51
PJ1892,16
PJ0077,10
PJ7172,16
PJ7265,6
PJ4397,11
PJ3059,16
PJ5185,4
PJ0355,34
PJ3044,15
PC0759,17
PJ7075,39
PJ3960,19
PJ6529,46
PJ6984,66
PJ1169,24
PJ6299,6
PJ4900,30
PJ5915,33
PJ2099,59
PJ6080,20
PJ3174,4
PJ4799,31
PJ6667,2
PJ1454,8
PJ7388,11
PC1302,6
PJ2486,26
PJ6309,10
PJ0446,12
PJ0229,6
PC0175,20
PP0492,8
PJ4433,2
PJ5633,19
PJ6697,9
PJ6869,9
PJ1642,2
PJ3519,35
PJ3219,6
PJ2046,13
PP0598,13
PP0281,204
PJ0990,19
PJ0362,37
PJ5521,17
PJ5162,83
PJ7161,29
PJ5517,8
PJ6458,14
PC0026,16
PC1110,31
PJ0907,3
PC1277,6
PJ3199,8
PJ4251,4
PJ0166,4
PJ0666,5
PJ0828,14
PJ2056,23
PJ5527,4
PJ0143,8
PJ6994,6
PJ5326,2
PJ2549,22
PJ6588,199
PJ0779,23
PJ1397,46
PJ5683,29
PJ0571,44
PJ2254,16
PJ0849,19
PJ1056,48
PJ5672,7
PC0934,48
PJ0954,8
PC0792,4
PC0451,4
PJ1527,14
PJ5750,4
PJ6722,11
PJ7273,8
PJ2949,6
PJ6964,29
PJ1029,873
PJ6554,16
PJ7147,17
PJ2061,6
PJ2444,17
PJ0696,2
PJ4068,9
PJ5841,30
PJ5706,8
PJ6742,25
PC0798,23
PJ7464,5
PC0861,39
PJ1369,28
PJ4502,11
PJ6839,6
PJ6272,7
PJ1605,22
PJ5050,5
PJ0329,2
PJ2565,4
PJ1955,2
PJ4301,10
PJ0605,47
PJ4026,18
PJ3946,16
PJ3393,57
PJ0869,62
PC0956,34
PJ1124,4
PP0586,20
PJ7228,51
PJ7169,23
PJ0508,4
PJ2068,1
PJ5776,13
PJ1264,14
PJ1922,18
PP0333,10
PJ3429,21
PP0372,16
PJ5264,10
PJ3072,12
PJ0461,9
PJ3733,27
PJ2935,10
PC0393,16
PC1113,5
PJ1356,2
PJ5789,58
PJ1015,54
PJ3183,19
PJ2089,93
PJ4454,7
PJ7054,13
PJ6969,71
PC1445,16
PC0104,4
PJ6557,5
PJ1896,19
PJ4289,17
PC0825,24
PJ7062,12
PJ3566,5
PC0546,9
PJ5265,9
PC0942,2
PJ3073,24
PJ6843,10
PJ7425,215
PJ3215,64
PJ0190,6
PJ1161,14
PC0862,24
PJ6655,7
PJ6941,24
PJ4139,20
PJ0305,34
PJ7015,6
PJ2630,14
PJ4194,20
PP0391,42
PJ4031,96
PJ6009,6
PJ1405,12
PJ5593,29
PJ0169,24
PJ0611,5
PJ6703,2
PJ5661,4
PJ2432,23
PJ4450,6
PJ0607,54
PJ5443,26
PJ2321,31
PP0449,11
PJ7072,2
PP0560,19
PJ5627,8
PJ5386,55
PP0572,75
PJ2749,26
PJ1477,11
PJ3127,6
PJ0688,29
PJ5975,11
PJ3753,20
PJ2982,25
PJ3484,18
PJ6279,10
PC0579,76
PJ2824,12
PJ1406,39
PJ5575,17
PJ5189,14
PJ3986,7
PJ1113,3
PJ3099,12
PJ3055,35
PJ1090,29
PJ7275,2
PJ1558,2
PJ1723,10
PJ1158,8
PC0094,2
PJ3760,15
PJ1731,2
PJ0789,24
PJ4353,8
PJ0804,18
PP0475,16
PJ1479,7
PJ6756,29
PJ4122,20
PJ6828,98
PJ0396,9
PJ1191,146
PJ3423,59
PJ2049,25
PJ2466,28
PJ0072,40
PJ6799,8
PJ4459,17
PJ1765,2
PC0916,21
PJ4038,12
PJ4935,6
PJ5554,8
PJ0512,12
PJ1590,33
PJ5401,12
PJ2494,4
PJ4876,12
PJ7021,8
PJ6494,5
PC0860,27
PJ3696,4
PJ4970,6
PJ3070,49
PJ3714,71
PJ0638,2
PJ2699,22
PJ2575,68
PJ3286,18
PJ3339,15
PJ2324,24
PJ5134,20
PP0577,6
PJ0986,45
PC0955,3
PJ3888,5
PJ3816,12
PJ2950,6
PJ1119,15
PJ2611,5
PJ4206,15
PJ1878,16
PJ0440,8
PJ4930,14
PJ1858,2
PJ6995,5
PJ5408,8
PJ6717,7
PJ6563,13
PJ3434,28
PJ4810,4
PJ1767,34
PJ0471,9
PJ0653,3
PP0656,57
PJ3458,80
PJ6901,6
PC1324,10
PC0208,2
PJ3409,12
PJ3239,9
PP0521,9
PJ2722,21
PJ1083,27
PJ4610,73
PJ6196,8
PJ0863,2
PC1336,8
PJ3288,22
PC1384,20
PJ7371,21
PJ1070,6
PJ2895,30
PJ6794,5
PJ6647,4
PJ7256,12
PJ5233,8
PJ4573,4
PP0615,15
PJ2969,16
PJ6273,8
PP0163,16
PC1422,12
PJ5693,135
PJ4602,17
PC0957,11
PJ1519,10
PJ1551,29
PC0557,7
PJ5955,42
PJ5931,23
PJ3025,6
PJ6219,6
PJ3332,11
PJ1425,13
PJ0266,33
PJ2421,2
PJ5913,38
PJ1660,23
PC0243,34
PJ4705,2
PJ3500,14
PJ5939,3
PJ4067,7
PJ1696,2
PC0091,4
PJ6972,4
PJ7173,10
PJ1200,38
PJ6582,83
PJ2811,27
PJ3119,20
PJ2081,2
PJ4345,8
PJ3754,38
PJ2600,30
PJ1545,20
PJ1999,8
PJ5658,5
PJ4048,15
PJX005,7
PJ6936,9
PJ0405,10
PJ7214,22
PJ6081,26
PJ1829,3
PJ0434,17
PJ3287,18
PP0647,44
PC0659,26
PJ5230,5
PJ5271,20
PJ1851,16
PJ5419,10
PJ3189,8
PJ5086,14
PJ3467,18
PJ0874,52
PC0025,23
PJ0971,4
PJ5619,9
PJ4190,10
PJ1669,20
PC1455,15
PC0236,2
PJ6609,48
PJ1077,16
PC0389,18
PC0218,87
PJ2813,15
PJ1065,6
PJ3302,86
PJ4193,53
PJ2361,16
PJ7427,169
PJ5403,12
PC0401,7
PJ6024,10
PJ2319,51
PJ0692,36
PJ6521,14
PJ3411,35
PJ2153,8
PJ1769,12
PJ1592,7
PJ3312,12
PJ0474,12
PJ3067,8
PC0899,10
PJ4150,17
PC1106,9
PC0788,176
PJ4887,9
PJ4267,4
PJ7400,25
PJ2407,11
PJ0268,31
PJ4948,16
PJ6344,12
PJ5870,11
PJ0855,12
PJ3848,17
PC1266,4
PC1096,12
PJ2221,61
PJ0412,15
PJ2484,69
PJ7025,31
PJ6409,9
PJ6151,9
PJ6280,2
PJ0493,30
PJ1193,6
PJ1357,16
PJ2850,8
PJ1134,8
PJ6915,6
PJ0441,17
PJ3915,10
PJ5745,4
PJ0733,38
PJ5137,8
PJ5121,15
PJ5130,7
PC0174,4
PJ2556,7
PC1131,2
PJ1702,8
PJ3710,58
PJ2572,120
PJ1022,64
PC0801,53
PJX003,9
PJ2613,11
PJ3132,151
PJ2025,17
PC0145,8
PJ3689,19
PC0800,81
PJ0667,16
PJ3612,4
PC0416,4
PJ0195,19
PJ6613,4
PJ0246,24
PJ2616,10
PJ5511,8
PJ3499,2
PJ3401,53
PJ2981,8
PJ0021,80
PJ4710,21
PJ6620,36
PJ5850,53
PJ0709,8
PJ0898,10
PJ1518,3
PP0489,34
PJ2478,29
PJ6268,23
PJ1730,8
PJ3113,36
PJ5572,4
PJ1888,6
PJ0290,7
PC0388,114
PJ7298,12
PJ4731,3
PJ5920,15
PJ6888,37
PJ5570,45
PJ6235,8
PJ1373,67
PJ2512,12
PP0648,50
PJ2612,31
PC0519,4
PJ2783,23
PJ4408,21
PC1148,9
PC0708,7
PJ2747,10
PJ6555,4
PJ2785,28
PJ5609,12
PJ1483,6
PJ5404,5
PJ1180,78
PJ1069,8
PJ2326,35
PJ1470,15
PJ6592,53
PJ2942,8
PJ3969,4
PC1228,7
PJ1663,29
PC1109,9
PJ0416,7
PJ4145,15
PJ2285,8
PJ4293,12
PJ7437,7
PJ3047,4
PJ5803,45
PJ0368,31
PJ3293,4
PJ3104,31
PJ0071,92
PJ5976,44
PC1382,37
PP0481,10
PJ2555,10
PJ0950,71
PJ2108,16
PJ1382,20
PJ5532,8
PJ5192,4
PJ0646,17
PJ1182,5
PJ0491,12
PJ2422,12
PJ0237,5
PJ2218,4
PJ0254,8
PJ1232,13
PJ6506,11
PJ5964,2
PJ4349,25
PJ6857,29
PJ2543,21
PC0207,150
PJ5704,71
PJ1335,35
PJ3294,14
PJ0286,8
PJ3963,5
PC0898,2
PJ3453,36
PJ4155,7
PJ0977,13
PJ5604,23
PC1346,25
PJ5459,5
PJ0284,14
PJ5824,10
PJ6827,9
PC1074,16
PJ3240,6
PC0230,10
PC0650,3
PJ6752,8
PJ2645,6
PC0113,7
PC1232,90
PJ0308,32
PJ4325,20
PJ1435,33
PJ2472,10
PJ3486,72
PJ1058,13
PJ3883,31
PJ5767,72
PJ0864,31
PJ2825,31
PJ2394,16
PJ1836,5
PJ0023,8
PP0422,15
PJ2598,39
PJ4282,5
PJ6250,12
PJ4769,3
PJ3869,63
PJ3267,18
PJ7301,2
PC0912,26
PJ2873,28
PC0342,30
PJ2410,44
PJ5637,19
PJ0552,61
PJ0059,107
PC1230,89
PJ3590,15
PJ5823,13
PJ7342,5
PJ0363,20
PJ4596,10
PJ0616,18
PJ4506,4
PJ3447,12
PJ1334,34
PJ2314,10
PP0011,4
PC1054,9
PJ2196,10
PJ6663,18
PP0382,9
PJ6898,10
PJ4587,2
PJ6333,2
PJ6033,10
PJ5071,5
PC1226,2
PJ5243,6
PJ4165,31
PJ3700,10
PJ5891,7
PJ3011,19
PJ1443,16
PJ3021,27
PJ0281,40
PJ6586,139
PJ4054,22
PJ1386,16
PP0215,14
PJ0961,30
PC0689,25
PJ4645,44
PJ4736,40
PJ2262,27
PJ3081,4
PJ3262,39
PC0246,8
PJ2331,6
PJ3794,30
PJ0038,4
PJ7210,6
PJ0285,9
PJ4081,9
PJ1665,10
PC1205,6
PPX063,8
PJ0419,14
PJ0206,3
PJ5894,5
PJ1148,6
PJ6922,101
PJ2842,15
PJ3553,34
PC0925,35
PJ6674,22
PC0333,27
PJ5877,8
PJ2953,8
PJ4714,4
PJ2831,11
PJ2400,11
PJ4436,9
PJ5024,6
PJ4699,43
PJ3924,4
PJ5522,14
PJ3832,11
PJ0307,13
PJ4361,20
PJ5910,5
PJ4579,4
PJ0976,5
PJ3952,7
PJ5896,17
PJ1986,9
PJ0390,6
PJ2386,6
PJ6349,18
PJ7199,2
PJ2007,4
PJ6923,36
PJ6327,140
PJ0885,10
PJ6610,37
PJ3382,116
PJ2932,7
PJ1846,18
PJ4766,2
PJ1027,11
PJ5087,14
PJ4284,26
PJ5556,14
PJ0612,42
PJ5273,27
PC0762,6
PJ5249,15
PJ0365,6
PJ5812,4
PJ3951,10
PJ3049,31
PJ4676,4
PJ3503,2
PJ0775,8
PJ3778,20
PJ4973,7
PJ2261,14
PJ5092,10
PJ6813,4
PJ0451,18
PP0645,3
PJ1976,5
PJ2817,16
PJ1011,24
PJ0522,21
PJ1716,21
PJ7115,8
PJ0815,2
PC0480,2
PJ1967,21
PJ0394,25
PJ5603,23
PC1216,11
PC1022,10
PJ1009,6
PC0968,2
PJ4533,20
PJ3060,12
PJ0352,11
PJ3118,19
PJ1032,6
PJ4983,2
PC1072,9
PC0753,2
PC0453,2
PJ1251,15
PJ3712,66
PJ1303,87
PJ6569,36
PJ0673,13
PC1380,16
PJ5984,37
PJ1311,46
PC0507,12
PJ2775,33
PJ4994,219
PJ4833,53
PJ1768,12
PJ7370,9
PC1017,20
PJ3901,4
PP0336,34
PJ7211,2
PJ4884,5
PJ3757,34
PJ5518,6
PJ2628,5
PJ4128,12
PP0529,4
PJ3607,30
PJ4648,7
PJ6412,6
PJ1177,420
PJ2136,13
PJ3933,47
PC0902,36
PJ2635,6
PP0654,3
PJ4902,45
PJ3234,35
PP0695,73
PJ1593,6
PJ1003,13
PJX007,113
PJ1949,12
PJ1314,34
PJ0566,4
PJ6444,19
PJ0032,14
PJ4429,20
PJ5645,4
PJ6383,6
PJ6615,6
PC0621,10
PJ4878,43
PJ3998,9
PJ2899,8
PJ7403,26
PJ1270,26
PJ2137,6
PJ0602,35
PP0280,17
PJ4363,25
PJ3012,30
PJ4505,26
PJ3542,6
PJ3543,21
PJ3264,20
PJ5407,4
PJ2101,29
PJ5040,24
PJ2535,15
PJ1600,27
PJ0378,14
PJ0224,8
PC1374,43
PJ1388,18
PJ4135,15
PJ1686,10
PJ5838,2
PC0170,4
PC1295,2
PJ5917,17
PJ3713,12
PJ6686,23
PJ1087,111
PJ0619,156
PJ3827,13
PJ5715,13
PJ0909,19
PJ0962,37
PJ0184,6
PJ4113,20
PJ6597,28
PJ7281,10
PC1047,22
PJ6098,18
PJ3481,20
PJ0228,16
PJ1139,9
PJ7224,12
PJ2534,21
PJ2368,4
PJ4297,2
PJ2869,7
PJ7038,23
PC1344,10
PJ5290,7
PJ5860,19
PJ6425,12
PJ2559,3
PJ5898,7
PJ6531,6
PJ3580,4
PJ0361,33
PJ3638,31
PJ2579,25
PJ3414,44
PJ2593,76
PJ6905,4
PJ6533,6
PJ1352,25
PJ1333,10
PJ6011,38
PJ3260,45
PC0526,10
PJ4045,18
PJ5204,7
PJ4637,8
PC1468,7
PJ6773,8
PJ6873,17
PJ6633,16
PJ3929,2
PJ5822,19
PJ6681,17
PJ1962,6
PJ4064,32
PC0515,2
PC0673,6
PJ2090,11
PJ5721,26
PJ5904,41
PJ3218,493
PJ3354,15
PJ4367,97
PJ1581,26
PJ3376,5
PJ7024,114
PC1313,10
PJ2474,2
PC0122,6
PJ3680,5
PC0743,10
PJ5463,13
PJ1908,4
PC1197,6
PJ2636,10
PJ7307,2
PC0735,2
PJ5990,18
PJ2814,1
PJ6881,16
PJ7277,12
PJ3334,10
PC0833,4
PC0282,180
PJ1330,31
PJ4134,35
PC0760,8
PJ1535,28
PC0990,5
PJ2401,13
PJ6751,64
PC1018,42
PJ1867,38
PC1163,7
PJ5634,10
PJ3656,3
PJ3121,34
PJ2476,22
PJ4537,2
PJ1380,22
PJ0756,34
PJ2006,20
PJ0357,72
PJ0773,29
PJ0814,12
PJ0579,26
PJ5108,2
PJ0423,6
PJ3035,20
PC0542,22
PJ1920,4
PJ0066,14
PJ5728,21
PJ0916,4
PC0082,4
PJ3772,34
PJ3546,47
PJ2991,7
PJ2902,16
PJ2044,8
PJ2897,8
PJ6668,15
PJ0345,16
PJ6653,24
PJ4415,11
PJ4269,8
PJ6632,8
PKC000,145
PJ0375,183
PJ1993,2
PJ3699,60
PJ6037,16
PP0612,13
PJ5665,37
PJ0610,57
PJ3131,59
PJ3427,8
PJ0941,15
PJ0475,9
PC0940,2
PC0649,6
PJ2289,22
PJ4964,10
PJ0643,10
PJ2349,26
PJ5650,4
PJ1900,29
PJ6755,15
PC1010,15
PJ0841,10
PJ1170,45
PJ1511,10
PJ7105,37
PJ5396,11
PJ1283,1
PJ2311,37
PJ5304,14
PJ1163,29
PJ1534,19
PJ2366,14
PJ0311,59
PJ4383,12
PJ5737,20
PJ2544,18
PC0490,5
PJ6300,30
PP0350,1
PJ2480,17
PJ6275,17
PJ4514,17
PC0033,7
PJ3786,35
PC0398,4
PJ4316,22
PJ2792,34
PJ2679,6
PJ2154,21
PJ5081,11
PJ4665,7
PJ5906,10
PJ1670,4
PJ5620,5
PJ3120,14
PJ0005,2
PP0364,2
PJ2333,5
PJ0615,6
PC0882,6
PC0244,6
PJ3206,22
PJ6918,28
PJ1452,6
PJ0243,20
PJ1606,35
PJ7167,48
PJ2818,18
PC0834,16
PJ5470,7
PJ1400,12
PJ6561,8
PC0704,12
PJ0503,16
PP0335,22
PC1244,12
PJ0135,6
PC0509,10
PJ5324,10
PJ0717,8
PJ6044,30
PC0431,87
PC1359,34
PJ7308,5
PJ2799,159
PJ6223,99
PJ0933,34
PJ0842,57
PC0996,30
PJ0431,8
PJ1266,16
PJ4277,6
PJ5953,17
PJ2685,8
PJ4915,10
PJ5291,11
PJ4237,19
PC0124,44
PJ5698,2
PJ0464,5
PJ5564,6
PJ1571,13
PJ5368,5
PJ5116,16
PJ3184,21
PJ0205,9
PC0724,157
PJ1246,67
PC1483,130
PJ2629,32
PJ2654,25
PJ3882,14
PJ6764,69
PJ2996,20
PJ1318,23
PC0668,7
PC0142,22
PJ4340,2
PJ3367,57
PJ4184,32
PJ1794,7
PJ0075,4
PJ2866,15
PJ2734,13
PJ5967,9
PJ5217,2
PP0614,3
PP0078,2
PJ6728,4
PJ6985,22
PJ5995,25
PJ0655,31
PJ6664,18
PJ2751,32
PJ3271,29
PJ0609,30
PJ6693,44
PJ0480,17
PJ4947,12
PJ7146,20
PP0221,49
PJ0370,32
PJ6303,6
PJ4256,4
PJ2497,32
PJ6032,24
PJ1882,8
PJ6618,31
PJ3023,11
PC1174,3
PP0578,4
PJ4485,2
PJ1375,34
PJ1812,3
PJ0797,41
PJ2423,14
PJ0473,18
PJ5691,2
PC1296,32
PC1250,46
PJ2938,16
PJ5802,11
PJ0460,27
PJ4565,2
PJ4488,9
PJ6863,19
PJ3905,4
PJ3016,17
PJ3854,2
PJ3038,41
PJ2907,4
PJ1484,43
PJ0199,18
PJ2419,17
PC0057,28
PC1265,2
PP0451,4
PP0253,6
PJ5122,3
PJ3994,12
PJ7200,134
PJ7332,75
PJ2431,28
PJ6137,8
PC0829,4
PJ0948,18
PC0278,4
PJ4678,15
PJ0218,9
PJ3717,3
PJ0926,7
PJ1462,43
PP0690,15
PC0932,8
PJ0968,21
PJ6684,14
PJ6914,6
PC0056,8
PJ3439,13
PJ1631,4
PJ1021,4
PJ6971,2
PC1361,2
PJ1856,11
PJ3563,4
PJ6266,2
PJ2856,6
PJ4815,2
PJ4247,4
PJ3435,8
PJ4897,11
PJ1108,11
PJ3847,14
PP0514,2
PJ5474,2
PJ2743,3
PJ4583,2
PJ6035,4
PP0688,2
PJ6807,4
PJ4244,6
PJ0288,11
PJ5132,19
PJ2904,9
PJ4315,2
PC1188,6
PJ1849,22
PJ4628,8
PJ1575,16
PJ4774,4
PJ5994,5
PJ2113,4
PJ6372,4
PJ3340,6
PJ0985,11
PJ6917,2
PJ3210,16
PJ0772,8
PJ1160,12
PC1209,11
PJ4851,4
PJ3061,2
PJ5943,2
PJ7106,4
PC0474,10
PJ6537,23
PJ3799,6
PJ1983,2
PJ3510,21
PJ7127,8
PJ6761,2
PJ7048,1
PC1035,2
PC0639,2
PC0123,7
PJ2681,2
PJ1733,15
PJ4400,19
PJ4707,17
PP0701,2
PJ2169,2
PJ5595,2
PC0500,4
PJ2206,2
PJ3157,6
PP0160,6
PJ0109,6
PC0886,14
PJ2020,4
PJ3631,8
PJ7272,4
PJ3508,18
PJ2713,21
PJ4859,4
PJ1282,1
PP0240,5
PJ0974,5
PJ1509,11
PJ4718,4
PC0281,2
PJ6701,6
PJ0399,4
PJ1636,2
PJ2560,2
PJ1796,8
PJ2250,9
PC1124,4
PJ6234,8
PJ1973,19
PJ1982,5
PJ1482,6
PP0504,4
PP0589,2
PJ2712,19
PJ2696,2
PJ2019,3
PJ6679,11
PC0090,8
PJ3608,4
PJ5526,2
PJ0358,5
PJ5231,11
PC0848,4
PC1279,10
PJ4447,2
PJ5227,2
PC0095,4
PJ3462,2
PJ2084,4
PJ3160,9
PJ5977,12
PJ4877,2
PJ1807,13
PC1195,6
PJ1620,3
PC1187,8
PC0716,6
PJ5456,2
PJ1103,16
PJ3620,14
PP0035,2
PC0974,5
PJ4095,2
PC0858,10
PJ0591,1
PJ7185,2
PJ6088,3
PJ2200,2
PJ6782,11
PJ3251,8
PJ2839,2
PJ5444,12
PJ5048,1
PC0291,2
PJ4341,10
PJ2427,6
PJ0701,22
PJ1956,2
PJ4689,2
PJ2828,16
PJ2941,9
PJ3953,3
PJ6465,10
PC0734,18
PC0746,2
PC0115,6
PJ3537,4
PJ5320,4
PJ0741,18
PJ3304,9
PC0235,4
PJ5462,8
PJ6572,6
PJ7174,2
PC0787,7
PJ4200,2
PJ4741,2
PC1012,2
PJ5843,16
PC0045,2
PJ3674,30
PP0477,2
PJ3911,7
PJ4085,4
PJ0680,4
PJ3910,2
PJ2524,2
PJ7329,6
PC0745,8
PJ0946,6
PC0391,6
PJ0312,8
PJ1750,10
PJ2889,10
PJ1530,6
PJ6733,7
PC1388,5
PC0555,8
PC0144,2
PJ2403,11
PJ2947,27
PJ3358,4
PJ5251,10
PJ4965,2
PC0976,6
PJ2284,2
PJ7171,2
PJ0632,2
PJ2276,2
PJ4151,20
PC1027,3
PC0884,4
PJ6523,2
PJ6255,23
PJ2159,3
PJ1981,6
PC0310,4
PJ6855,8
PJ4481,7
PJ6317,14
PC1405,2
PJ2064,3
PJ7142,14
PJ3765,2
PC1425,4
PJ0084,8
PJ0648,2
PC0922,4
PJ5305,3
PJ1085,2
PJ5088,2
PC0634,7
PJ4043,4
PC0582,4
PJ2175,3
PJ7104,16
PJ2023,6
PP0325,3
PJ7289,9
PC1182,10
PJ2256,6
PC1406,2
PJ0142,2
PJ1004,6
PJ1566,6
PJ1329,3
PJ7469,2
PJ3575,5
PJ6090,1
PJ1688,10
PC0794,10
PJ4018,2
PJ3405,16
PJ3789,4
PJ2923,4
PJ2791,15
PJ7280,2
PC0657,4
PJ2523,14
PC1011,3
PJ2210,16
PC1070,6
PJ2965,10
PJ3450,10
PC0607,4
PCX001,2
PJ1416,4
PC0488,2
PJ6316,6
PJ0175,42
PJ2649,8
PJ2841,3
PJ3721,12
PJ5881,2
PJ5743,2
PP0252,2
PJ4848,4
PJ5286,2
PJ3419,2
PJ4312,2
PJ3280,18
PJ4205,2
PJ1231,12
PJ6332,8
PJ7423,12
PJ6330,7
PJ5543,4
PJ7192,8
PJ4080,11
PJ3422,2
PJ2302,6
PJ1310,8
PJ4460,5
PJ2984,27
PJ0447,6
PJ3833,6
PJ2109,18
PJ3256,4
PJ5317,2
PJ4542,3
PP0607,2
PJ2270,2
PJ5987,2
PP0629,6
PJ1655,2
PJ0706,4
PJ2163,11
PJ1770,7
PJ1742,4
PC1253,2
PJ1178,8
PC1340,2
PJ6924,2
PJ0796,5
PC0107,8
PJ3396,67
PJ1106,13
PJ1129,6
PJ2213,11
PJ0159,2
PJ6573,4
PJ1898,2
PC1068,2
PJ3371,9
PC0658,4
PJ5099,10
PC1397,9
PJ6862,4
PJ5367,3
PJ2179,2
PJ2312,2
PJ0309,16
PJ2609,10
PJ2588,4
PJ3295,10
PC1090,5
PJ5814,4
PJ4580,2
PJ7402,2
PJ4704,1
PC1038,2
PJ3147,8
PJ6512,6
PC0418,18
PJ0101,2
PJ0563,4
PJ3892,6
PJ6452,11
PJ3114,2
PJ6948,8
PJ6931,3
PJ0009,5
PJ2883,4
PJ2075,14
PJ3431,15
PJ6832,2
PJ2375,14
PJ2436,6
PC0739,15
PP0678,11
PP0230,2
PJ2455,2
PC0901,17
PC1165,9
PJ5187,2
PJ4314,2
PJ5410,2
PJ6595,11
PJ4868,4
PJ5839,3
PJ4905,2
PJ4590,3
PJ6446,2
PJ3404,5
PP0263,8
PJ6911,2
PJ3368,3
PP0703,7
PJ5938,8
PJ3815,11
PJ5868,2
PJ3289,4
PJ5266,4
PC0438,12
PC1044,4
PC0441,4
PJ4389,9
PJ4942,3
PJ6164,4
PJ2275,10
PJ1034,8
PJ0991,4
PJ7005,8
PJ3659,23
PC0251,2
PC1327,8
PJ5417,2
PJ4366,5
PJ3020,8
PJ5671,2
PJ5369,5
PJ4903,10
PJ6016,6
PJ6715,5
PJ5104,12
PJ5297,2
PJ4062,3
PJ0768,7
PJ4797,4
PJ0096,6
PJ4501,3
PJ3718,6
PJ0715,6
PJ5505,6
PJ6461,3
PC1284,5
PJ5958,2
PJ4631,9
PJ4540,4
PJ2209,23
PJ4717,2
PJ6983,6
PC0442,8
PJ0816,23
PC0444,6
PJ0657,2
PJ1203,4
PJ1507,3
PJ4396,4
PJ1758,10
PJ4499,16
PJ5498,8
PJ0890,3
PJ4526,2
PJ6605,6
PJ5528,6
PJ6401,13
PJ6860,4
PJ1975,6
PJ4888,6
PC0249,7
PJ6979,2
PJ1111,2
PJ2646,21
PJ1353,4
PJ1514,12
PC0981,10
PP0613,4
PP0464,4
PC0877,6
PJ1647,8
PJ1098,4
PJ3235,7
PJ2360,5
PJ4508,2
PC0795,3
PJ6313,26
PC0656,6
PJ4021,20
PJ3107,10
PP0445,12
PJ3162,5
PJ1347,2
PJ1391,5
PJ0351,6
PJ2759,5
PC0750,4
PJ2668,11
PC0812,10
PJ5409,23
PJ5472,6
PP0699,8
PJ4658,2
PC0632,2
PC1111,2
PC1082,2
PJX004,3
PJ0560,2
PP0546,7
PJ5679,25
PJ6222,6
PP0459,6
PJ1706,3
PJ6031,17
PJ6087,4
PP0611,5
PJ2080,2
PJ3777,4
PJ6289,15
PP0137,5
PJ5853,4
PJ6903,5
PJ2079,2
PP0388,4
PC1083,12
PC1320,6
PJ5261,6
PJ1319,2
PJ3328,7
PJ1381,3
PP0443,4
PJ0568,3
PJ7354,2
PJ4227,4
PJ3203,4
PJ3496,8
PC0360,3
PJ1216,5
PJ4715,4
PJ3209,4
PJ1753,3
PJ0705,20
PC0560,2
PC1312,1
PC0548,8
PP0551,2
PJ2369,12
PJ2756,8
PJ3383,4
PC0809,4
PJ4164,8
PJ2372,3
PJ5772,2
PC0881,2
PJ6108,2
PC1043,18
PJ1110,10
PJ1538,13
PJ6760,9
PJ1553,13
PJ4124,2
PC0782,9
PJ3817,4
PJ3651,13
PP0460,2
PC0372,2
PJ6129,5
PJ3243,7
PJ1940,11
PJ1326,30
PJ2215,8
PP0601,10
PJ2851,7
PJ6040,4
PJ5666,5
PJ2830,20
PJ5282,14
PJ4853,4
PJ2690,3
PJ4133,6
PJ2954,6
PC0399,5
PC0613,4
PJ5412,20
PJ1639,8
PJ5816,4
PJ0104,9
PJ5150,2
PP0206,3
PC1009,2
PJ1261,7
PJ4873,6
PJ1093,6
PJ3912,10
PJ3489,3
PJ5250,8
PJ1944,15
PJ7061,4
PJ3615,3
PJ4102,6
PJ4950,6
PJ3681,11
PJ5852,2
PJ0192,9
PJ7382,4
PJ3389,4
PJ4569,11
PJ5923,4
PJ4149,16
PJ0636,8
PJ0191,14
PJ2872,19
PJ1504,10
PJ5422,12
PJ2647,6
PJ1308,8
PJ5766,2
PC1482,4
PJ0889,2
PJ3728,11
PJ4907,5
PC0478,2
PP0718,4
PJ6474,28
PC1101,2
PJ2697,2
PJ7321,4
PP0323,6
PJ1071,2
PJ4423,4
PJ4546,6
PJ1817,4
PP0146,14
PJ6896,5
PJ2876,11
PJ5497,4
PJ1258,17
PC1086,4
PJ2959,10
PJ7133,14
PC0229,2
PJ2477,6
PJ0452,7
PJ3125,14
PJ0596,21
PJ0186,31
PJ4615,23
PJ4776,4
PJ6621,4
PC0529,2
PJ0707,5
PJ5152,6
PJ1368,6
PJ4840,2
PJ1960,6
PJ1994,6
PC0055,2
PJ5247,14
PJ0833,13
PJ0577,9
PJ7463,1
PC0786,10
PP0046,12
PJ6645,4
PC0695,2
PJ5026,11
PJ6643,8
PJ0019,2
PJ4980,5
PJ7044,6
PJ1211,8
PJ4534,4
PJ3884,2
PJ6617,3
PJ2453,2
PP0075,14
PJ4606,2
PJ5466,11
PJ4411,9
PJ5253,4
PJ5864,5
PJ1145,6
PJ3096,2
PJ0755,7
PJ6882,2
PC1263,2
PJ6366,6
PJ7387,7
PC0383,6
PJ3175,9
PJ6430,2
PC0850,15
PJ3106,2
PC0178,2
PJ1756,1
PJ4398,2
PJ3511,3
PJ5172,34
PJ1722,2
PJ3554,8
PJ2253,8
PJ0932,2
PC1045,6
PJ1918,2
PJ3928,2
PJ1172,1
PJ0736,15
PJ4252,7
PJ2051,26
PJ0492,8
PJ5329,2
PJ1155,2
PJ6657,4
PJ0448,14
PJ4959,8
PJ4185,4
PJ0181,2
PJ3329,8
PJ0085,12
PJ5089,5
PC1310,3
PJ2236,7
PJ3470,2
PJ6140,6
PJ2462,4
PC0517,5
PJ6654,2
PJ1763,3
PC0737,4
PJ2271,32
PJ0337,6
PJ5398,10
PJ5872,2
PJ0761,4
PJ1616,4
PJ1729,28
PJ2505,14
PJ0238,19
PJ4405,2
PJ5126,9
PJ0048,6
PJ0047,2
PJ5237,2
PJ5391,4
PJ1323,4
PC1345,5
PJ5643,5
PJ5222,2
PP0400,2
PC0378,2
PJ3345,21
PJ7162,18
PP0149,2
PJ3266,4
PJ3996,4
PJ1442,2
PJ2714,9
PJ5473,12
PJ5224,4
PC1089,2
PJ7031,2
PJ3128,5
PJ7059,3
PJ4052,2
PJ7246,2
PP0484,8
PJ6651,6
PJ3539,13
PJ4265,2
PJ5573,11
PJ0914,2
PJ1184,6
PJ4248,12
PP0617,6
PJ0738,3
PJ2307,4
PJ4425,8
PJ3776,8
PC0301,2
PJ1378,4
PJ6630,5
PJ4157,10
PC0241,4
PJ0510,6
PJ1127,14
PJ4609,4
PJ3347,4
PJ2795,14
PJ6543,2
PJ7163,15
PC0130,1
PP0384,8
PJ1652,8
PJ7176,7
PJ3130,9
PJ1292,12
PJ4373,2
PJ3145,8
PJ2853,2
PJ3855,4
PC0870,5
PJ0418,4
PJ2380,20
PP0616,6
PJ5561,9
PJ6232,2
PC1028,6
PJ1269,4
PJ6880,4
PJ0466,10
PJ1806,11
PJ5345,5
PJ1832,23
PC1394,5
PJ4787,3
PJ3083,4
PP0625,6
PJ4214,4
PJ2131,10
PJ5742,5
PC1155,2
PJ0414,4
PJ2233,2
PJ0776,12
PJ6626,2
PJ4520,1
PJ3976,6
PJ5255,14
PJ0116,4
PJ1800,3
PJ7285,10
PJ5242,2
PJ3917,2
PJ2604,6
PJ7367,6
PJ2557,2
PJ5763,19
PJ6944,4
PJ4847,4
PJ3042,6
PJ4347,11
PJ0870,18
PJ3005,12
PJ4825,8
PJ5530,3
PJ5552,4
PJ6763,2
PJ1039,9
PJ5835,3
PJ2342,1
PJ7459,6
PJ3326,10
PJ5544,7
PC0422,4
PJ6698,9
PJ0437,10
PJ3761,7
PJ5381,13
PJ5370,4
PC0326,4
PJ4806,2
PC0803,2
PC1297,3
PP0373,4
PJ1045,6
PJ7066,6
PJ6411,10
PJ6294,4
PCX034,1
PJ2823,6
PJ4738,4
PP0233,8
PJ1622,7
PJ1578,2
PJ7287,13
PJ5000,2
PJ4025,6
PJ7217,4
PC0903,4
PJ7262,10
PJ7225,4
PJ0398,6
PJ5648,4
PC0162,4
PJ5708,4
PJ5035,2
PC1275,4
PJ3392,12
PJ7395,9
PJ6427,13
PJ0147,2
PC0341,4
PJ6269,2
PJ6879,2
PJ4017,2
PC1189,2
PJ5614,28
PJ7475,2
PC0194,2
PJ4694,4
PJ4992,5
PC0761,8
PJ0185,6
PJ2970,16
PJ5916,2
PJ4434,1
PJ4496,7
PC0715,12
PJ0923,32
PJ7063,9
PJ5306,4
PJ6750,2
PC0159,42
PJ2277,43
PJ0410,2
PJ0010,4
PS0015,4
PJ2554,6
PJ4538,8
PJ3252,2
PC0436,2
PJ2735,37
PJ4032,2
PJ6919,4
PJ5848,2
PJ6846,2
PJ2748,29
PJ6866,6
PJ2550,10
PJ0850,12
PJ3732,7
PJ6128,5
PJ7188,9
PC0836,3
PJ2726,2
PJ2601,4
PJ0432,9
PJ0331,6
PC0995,2
PJ0938,2
PC0085,6
PJ0356,4
PJ3568,7
PJ3237,2
PJ4578,5
PJ5021,4
PJ0671,21
PC1365,2
PJ4159,4
PJ3567,25
PJ5674,2
PJ6921,2
PC0712,10
PJ7257,9
PJ6048,6
PJ3983,10
PJ5982,2
PJ5971,2
PJ4843,2
PJ1646,6
PJ7244,13
PC1080,7
PJ0593,6
PJ2937,14
PJ4742,4
PJ3457,17
PP0216,6
PJ1645,10
PJ3984,2
PC0962,2
PJ7069,7
PJ5793,12
PJ4827,7
PP0644,11
PJ0730,7
PC0320,2
PC1000,4
PJ5983,9
PJ0639,7
PJ1465,30
PJ1209,1
PJ2566,36
PJ5867,14
PP0290,5
PJ7294,20
PC0620,6
PJ6835,3
PP0115,1
PJ1718,2
PJ3087,12
PP0291,12
PJ5179,7
PJ3000,3
PJ0483,6
PJ4308,16
PJ6649,22
PJ0562,1
PJ1785,3
PJ0676,4
PC0960,2
PJ2667,2
PC0137,3
PJ2463,8
PC1278,7
PJ0702,10
PJ1775,2
PJ6182,7
PJ6809,3
PJ2370,3
PJ2835,2
PJ3265,2
PJ0905,11
PJ2716,6
PC0394,4
PJ1096,18
PJ5307,11
PJ5481,7
PJ0713,11
PJ6133,4
PJ1461,1
PJ0972,4
PC1194,3
PJ2934,16
PJ3122,8
PC1133,12
PC1242,4
PJ7027,2
PC1178,8
PJ5170,2
PC0498,4
PJ7102,2
PC0390,4
PJ2528,9
PC1325,9
PJ4033,21
PJ2140,12
PJ0073,4
PJ6010,4
PJ6886,8
PJ4598,6
PJ1838,4
PJ6039,2
PJ7259,4
PJ5607,23
PC1117,4
PJ4755,6
PJ1150,6
PJ2057,6
PJ5978,7
PP0637,2
PJ6804,4
PC0512,4
PJ1579,6
PJ3349,6
PJ4647,5
PJ1814,6
PP0244,2
PJ1778,6
PJ5101,3
PJ1192,2
PJ6665,8
PJ3353,18
PJ0572,1
PJ0271,12
PJ0652,31
PJ2335,2
PJ5887,12
PJ5287,4
PJ3541,3
PJ6553,2
PJ3009,10
PJ2765,5
PC0883,3
PJ7385,6
PP0437,9
PJ1101,8
PJ0931,10
PJ5547,6
PJ0721,4
PJ7398,2
PC1254,4
PJ5437,2
PJ7442,6
PJ2673,4
PJ3412,4
PJ5714,2
PJ4346,10
PJ4751,4
PJ7043,1
PJ4234,2
PJ5598,4
PJ0470,14
PJ0435,8
PJ5051,5
PJ6611,4
PJ6292,2
PJ6422,14
PJ2409,2
PJ5238,5
PP0668,2
PJ6056,2
PJ4484,3
PJ5588,2
PJ1005,14
PJ6203,4
PJ5784,4
PJ1480,20
PJ4601,2
PJ6956,9
PC1383,8
PC1136,4
PJ4107,3
PJ5631,9
PJ5141,2
PJ5842,2
PC0979,4
PJ5596,3
PC1171,6
PJ4831,2
PJ6691,4
PJ4780,2
PP0379,8
PJ1984,2
PJ4380,2
PJ1799,6
PJ1206,4
PJ1116,4
PC1423,7
PC1156,2
PJ6602,4
PC0781,8
PC0652,2
PJ2192,6
PJ3646,6
PJ7386,6
PJ4000,6
PJ6765,4
PC0892,4
PC1149,2
PJ7248,4
PJ5968,9
PJ3956,4
PJ5139,2
PJ3900,2
PJ5525,4
PJ1120,9
PP0628,4
PC0655,7
PJ3851,38
PJ2898,19
PJ2053,41
PJ3889,4
PJ1787,2
PJ1322,6
PJ6536,38
PJ7189,10
PP0599,2
PJ0880,1
PJ4037,7
PC0491,2
PJ1010,6
PJ7186,13
PJ5293,28
PJ1492,14
PJ0826,7
PC0703,2
PJ6992,4
PJ4584,2
PJ6604,8
PJ5639,4
PJ3455,6
PJ4535,3
PJ3587,4
PC1353,4
PJ2924,2
PC0692,8
PC1257,6
PJ1385,4
PJ5832,8
PJ4076,4
PJ2348,13
PJ0151,6
PC0880,5
PJ2397,4
PJ7448,5
PJ5202,3
PJ0537,24
PJ4854,4
PJ0411,10
PC0936,2
PJ4055,7
PC0551,4
PJ4332,12
PC0217,2
PJ2125,9
PJ2692,4
PJ0716,26
PP0620,22
PJ1757,8
PC0831,7
PC0534,6
PC0662,2
PJ1497,12
PJ7378,2
PJ0430,10
PJ1300,15
PC0567,8
PJ1012,4
PP0411,6
PJ2705,6
PJ7391,5
PJ5330,13
PJ5276,2
PC0536,12
PJ0420,31
PJ3906,2
PJ3355,4
PJ1376,5
PJ3227,15
PJ4452,7
PC1305,6
PJ4428,5
PJ1146,6
PJ2599,16
PJ2265,20
PC1286,6
PJ3558,3
PJ6213,2
PJ6993,5
PJ6043,6
PJ3644,6
PJ1067,21
PJ5477,4
PJ1546,11
PP0332,2
PJ7052,2
PJ7050,2
PJ2804,8
PJ2120,5
PJ4461,4
PJ5148,3
PJ1584,2
PC0147,4
PJ4691,10
PJ3249,2
PP0397,6
PJ6669,8
PJ0918,4
PJ6878,2
PJ5374,2
PC1102,6
PJ5550,4
PJ3191,6
PJ6236,4
PJ1809,8
PJ7274,11
PJ6800,6
PC1029,9
PP0102,3
PJ5749,7
PJ4051,4
PJ5272,6
PJ2732,16
PJ0235,2
PJ3814,4
PC0321,6
PJ2694,2
PC0615,2
PJ4181,14
PJ7149,2
PJ1044,30
PJ0486,12
PP0334,4
PP0342,7
PJ0074,6
PJ4600,18
PC0059,5
PP0691,7
PJ1607,10
PC0068,2
PJ5325,7
PJ4483,2
PJ3613,3
PJ4865,2
PP0357,2
PC1186,15
PJ2440,4
PJ3668,2
PJ2040,4
PJ1229,10
PJ3193,8
PJ1597,7
PJ0319,8
PJ7151,2
PC1202,6
PJ5228,4
PJ0263,8
PJ3407,5
PJ6710,2
PC0959,6
PP0723,4
PJ3069,4
PJ1685,6
PJ5651,7
PP0159,10
PJ3948,2
PJ2562,14
PJ5209,8
PJ0277,6
PJ6740,7
PJ2114,5
PJ1523,10
PJ4659,4
PJ3214,6
PJ3344,4
PJ5118,4
PJ5411,4
PJ5549,2
PJ6354,4
PJ4385,4
PJ3860,1
PJ4300,2
PC0670,2
PJ3693,19
PJ4224,10
PJ3507,15
PP0341,6
PJ3086,6
PJ4069,7
PJ6145,4
PJ2001,1
PJ3195,14
PJ0575,2
PC1184,6
PC0322,2
PJ4971,2
PJ6585,2
PJ6112,2
PJ4693,2
PJ4208,5
PJ4832,2
PJ0149,3
PC0152,2
PJ5303,2
PJ7313,2
PC0837,2
PJ6685,6
PC0086,2
PP0708,4
PJ5128,2
PJ4443,2
PJ0314,7
PC1341,4
PJ6433,4
PJ5513,4
PC1385,12
PJ2862,2
PC1069,3
PJ1570,2
PJ2752,16
PJ6053,2
PJ0344,4
PC0945,6
PJ2098,2
PJ4775,6
PJ4960,2
PJ6201,2
PJ1539,16
PJ1043,10
PJ6342,2
PJ0838,6
PC0369,4
PJ7004,2
PJ0557,4
PJ5201,4
PP0279,2
PJ1952,4
PJ5129,2
PP0473,2
PC0667,2
PP0524,2
PC1321,2
PJ4837,2
PC0318,11
PJ5972,2
PJ4211,2
PJ1249,3
PJ1521,4
PC1415,1
PC0905,2
PJ4022,4
PJ4138,3
PC0805,10
PJ0395,3
PJ6788,4
PC0143,6
PP0592,2
PJ4953,2
PC0547,2
PJ6786,3
PC1134,4
PJ3579,2
PP0022,2
PJ1242,2
PJ1657,2
PC1255,8
PJ1601,10
PJ5004,2
PJ1429,2
PJ7363,2
PJ5234,3
PJ0335,5
PJ1950,1
PJ3853,1
PP0407,3
PJ5372,2
PJ1572,12
PC0987,2
PJ3791,2
PC1220,2
PJ2037,4
PJ2582,13
PJ3413,10
PP0710,4
PJ3582,2
PJ3850,2
PJ7311,2
PJ2926,2
PJ7317,4
PJ3415,14
PP0683,3
PJ1732,3
PC1251,2
PJ3598,8
PJ5278,4
PC0433,2
PJ6135,4
PJ1348,2
PJ0959,2
PJ0758,2
PC0531,2
PJ7426,2
PJ3103,2
PC0308,2
PJ2310,7
PC0544,2
PJ5768,2
PJ6594,3
PJ0318,8
PC0700,2
PJ0484,2
PJ7209,2
PJ0729,2
PJ2352,4
PJ3006,2
PJ5794,2
PJ5821,4
PJ4169,1
PJ4652,4
PJ6382,2
PJ5037,5
PJ4231,2
PJ3737,8
PC0231,2
PJ2470,2
PJ5301,2
PJ6029,3
PP0528,3
PJ3902,2
PJ2731,18
PJ5640,6
PJ6687,6
PJ4117,6
PJ0714,3
PJ6571,8
PJ3885,2
PJ5338,2
PJ2096,2
PJ4818,2
PJ5289,4
PJ1936,3
PP0236,7
PJ2513,4
PJ0811,2
PJ1274,4
PC0382,1
PJ6030,4
PJ5667,1
PC0452,2
PJ3333,2
PJ4792,2
PJ3968,2
PJ5831,8
PJ3335,4
PJ3188,4
PC1381,3
PJ3378,4
PJ4904,4
PP0555,4
PJ6364,1
PJ0153,4
PJ6214,12
PP0664,2
PJ1502,2
PP0296,2
PJ5787,2
PC1196,20
PJ6115,2
PP0299,3
PJ6153,3
PJ3739,1
PJ4856,9
PC1123,4
PJ2464,11
PC0838,1
PJ1717,2
PJ2243,2
PJ2882,6
PJ2166,12
PC1191,2
PJ1042,2
PJ6672,4
PP0486,2
PC1076,2
PJ4781,2
PJ6819,4
PJ0086,3
PJ4476,2
PJ3001,2
PJ3538,2
PC1330,2
PJ7068,8
PP0405,8
PJ3806,5
PJ6525,2
PC0477,5
PJ6447,5
PJ4549,4
PJ2295,2
PP0315,2
PJ6271,2
PJ1062,2
PJ2195,4
PJ1877,4
PP0251,2
PJ6329,2
PJ5061,3
PC0319,1
PJ4995,4
PJ6628,2
PJ6689,5
PJ4322,6
PJ5574,2
PJ0453,4
PP0435,2
PJ3662,2
PJ7291,2
PJ3846,2
PJ4075,4
PJ5703,8
PJ5213,15
PJ3555,2
PJ0739,2
PJ3385,5
PJ6949,4
PJ7381,3
PJ5076,2
PC1145,2
PP0158,2
PJ1260,4
PJ6192,4
PJ6579,6
PJ3217,2
PC0891,2
PJ4620,2
PJ1789,6
PJ5861,6
PJ5351,7
PC1307,4
PJ7461,3
PC1019,3
PJ1399,6
PJ4812,2
PJ0392,3
PC1125,6
PJ2511,4
PJ5136,2
PJ6126,3
PJ2255,2
PJ3502,4
PJ7242,2
PJ4275,2
PJ1125,3
PJ1567,7
PP0671,6
PC0448,6
PJ1583,14
PJ0043,10
PJ6612,3
PJ4298,2
PJ2624,3
PJ6559,3
PJ4690,13
PJ3734,2
PJ5110,9
PJ4836,4
PJ6767,6
PC1059,2
PJ5378,2
PJ5206,3
PJ4071,2
PJ4682,2
PJ0837,9
PJ3236,6
PP0659,8
PJ0583,2
PC0907,2
PP0623,3
PJ3167,2
PJ7175,2
PJ4756,4
PJ5833,4
PJ4894,3
PJ4241,4
PJ4121,4
PJ6520,4
PJ0258,2
PJ6854,2
PJ6211,5
PC0533,8
PJ3117,2
PJ3337,4
PJ5858,4
PJ3461,4
PJ5388,2
PJ6125,2
PC1291,6
PJ6114,1
PJ3879,3
PC0868,2
PJ3166,2
PJ3972,2
PJ5161,7
PJ1267,2
PJ4835,4
PJ4805,2
PJ6600,3
PJ3259,2
PJ4614,2
PJ5536,4
PC0284,4
PJ2404,4
PC0007,2
PC0671,2
PP0471,2
PP0266,5
PC0161,4
PJ0099,3
PJ7266,2
PJ3233,5
PC1426,2
PJ4394,2
PJ4218,2
PC1319,2
PP0322,2
PJ7282,2
PJ5700,2
PC0381,8
PJ5158,8
PJ5905,4
PJ7258,2
PC0638,9
PC0188,2
PP0344,6
PJ1279,4
PJ1338,6
PC0075,2
PJ2919,2
PJ5010,2
PJ1331,2
PJ2718,4
PJ5319,2
PC1093,3
PJ3891,2
PJ6519,2
PC1061,4
PJ3223,2
PJ5257,4
PJ0107,17
PJ0170,2
PJ1016,3
PJ5453,2
PJ4548,1
PJ3766,2
PJ6058,3
PJ7234,2
PP0143,4
PJ4013,2
PJ5359,4
PJ6954,4
PJ4404,2
PC1342,11
PJ2217,2
PJ6051,7
PJ2586,13
PC0767,4
PJ6622,2
PP0634,6
PP0403,2
PP0476,2
PJ0526,2
PJ1038,2
PJ4866,4
PJ7118,4
PJ4330,4
PJ6110,2
PJ6825,6
PJ2223,4
PJ2719,4
PC1458,1
PJ3247,2
PJ3751,2
PJ4632,2
PJ0803,3
PC0366,4
PJ3085,4
PJ0082,6
PJ0148,1
PJ1813,2
PJ1424,7
PJ3890,2
PJ4060,2
PJ5935,1
PP0278,8
PJ7428,2
PJ0031,6
PJ1340,4
PJ4516,6
PC1316,4
PJ2336,2
PJ4541,2
PC0540,4
PJ2222,4
PJ0089,5
PJ2701,2
PJ0067,4
PJ5654,2
PJ6257,2
PJ2915,7
PJ4673,2
PJ2189,2
PP0283,4
PJ3272,2
PP0508,2
PJ4287,2
PJ5300,5
PJ0502,3
PC0727,2
PJ7279,2
PJ6260,2
PJ1403,8
PJ7095,5
PC1161,4
PJ6791,3
PJ6943,2
PC0687,2
PJ2985,1
PC0711,2
PP0167,2
PJ1141,2
PP0165,2
PJ1989,5
PJ6150,3
PJ2273,2
PP0480,4
PJ2442,2
PJ2849,4
PJ6927,4
PJ3033,12
PJ5028,5
PJ4105,2
PJ1510,4
PJ6486,3
PJ6504,2
PC1001,4
PC0785,5
PJ5959,4
PJ4740,2
PJ5310,2
PJ4463,2
PJ4187,2
PJ6883,8
PJ5056,2
PJ4342,2
PJ0176,2
PJ4743,2
PP0302,4
PJ2620,1
PJ2018,2
PC0336,4
PJ6285,2
PJ4920,3
PP0426,2
PJ1407,2
PC0924,2
PJ4309,2
PJ2041,1
PJ6778,8
PC0720,4
PJ5801,2
PC0991,3
PC0472,2
PJ6890,2
PJ4280,2
PC0334,3
PJ5022,2
PJ6500,1
PJ6102,4
PJ1895,2
PJ3821,2
PJ3589,5
PJ2986,4
PC1058,4
PJ3859,9
PC0845,3
PJ4608,4
PJ5344,4
PJ4686,4
PC1150,2
PJ1958,2
PJ4955,4
PJ1410,8
PP0663,6
PJ1253,2
PJ2446,2
PJ4024,2
PC0327,6
PC0404,4
PJ2837,2
PJ3758,4
PJ1667,6
PJ5734,2
PJ3441,4
PJ5336,2
PJ1653,2
PJ0465,2
PC0273,4
PJ5383,13
PJ1126,4
PP0468,4
PJ4599,2
PC0006,2
PP0300,4
PJ0173,4
PJ3692,4
PJ6560,8
PJ5376,4
PC0815,8
PC0325,2
PJ4046,6
PJ4321,2
PJ0188,4
PJ5060,2
PJ5764,4
PJ5836,2
PJ0965,3
PC0051,4
PJ3749,7
PJ3962,8
PJ0585,2
PJ5919,7
PJ5605,6
PJ1586,2
PJ4495,2
PJ3279,4
PC1441,2
PJ2362,4
PP0295,3
PJ7053,4
PJ3762,2
PJ3826,4
PJ2303,7
PJ4468,2
PJ5452,2
PJ2133,4
PJ6981,1
PJ5903,6
PJ1783,11
PJ3627,12
PJ3316,2
PJ5949,6
PJ7235,4
PC0832,1
PC0167,6
PJ6546,9
PP0229,7
PC0702,6
PJ5503,2
PJ4291,2
PJ5109,2
PJ5183,2
PS0003,2
PJ5610,5
PJ0521,2
PJ0317,10
PJ1157,8
PC0020,3
PJ2298,5
PJ3338,8
PJ5699,2
PJ2671,2
PJ0992,2
PJ5558,2
PC1207,2
PJ0873,4
PJ1031,2
PJ1859,8
PJ6276,16
PJ5775,2
PJ4720,2
PC1227,2
PJ5669,2
PP0429,2
PJ5719,2
PJ4198,2
PJ0970,2
PC0464,2
PJ3276,10
PJ4480,2
PC1048,4
PJ5480,5
PJ5445,6
PJ3938,6
PJ4324,2
PC0066,2
PJ3614,7
PJ1472,2
PJ5940,2
PC0392,2
PJ7268,4
PJ1805,3
PC0298,4
PJ1179,1
PJ7222,5
PJ5313,1
PJ1324,2
PJ4723,6
PJ5094,8
PJ0567,2
PJ0831,1
PJ2467,2
PJ4427,6
PJ7090,2
PJ4636,2
PJ5879,13
PJ7203,2
PJ6908,4
PJ1919,4
PJ1884,9
PJ0406,2
PJ4474,2
PJ5049,2
PJ4369,2
PJ2452,2
PP0630,2
PJ6193,2
PP0438,2
PJ3469,2
PJ4890,21
PJ1821,1
PJ6464,2
PJ7159,2
PC0238,2
PC1103,2
PJ2821,2
PJ4885,6
PJ1457,2
PJ6642,2
PJ1128,2
PJ6952,2
PJ5400,2
PJ0509,7
PP0689,5
PJ1100,2
PJ5956,1
PJ2122,2
PC0112,2
PC0116,2
PJ4762,2
PC0988,2
PP0353,4
PC0072,2
PJ0723,7
PJ5007,4
PC0432,2
PJ3818,5
PC0096,1
PC0349,2
PJ4898,2
PC0457,4
PJ3375,1
PJ6646,2
PJ6817,2
PP0314,2
PJ0256,3
PC0552,2
PJ2412,2
PP0425,2
PJ6371,2
PJ3795,2
PJ4791,2
PJ7465,2
PJ5406,4
PP0684,2
PJ2063,2
PJ3687,1
PJ3248,4
PJ1923,2
PC1003,2
PP0581,2
PC1015,2
PJ7219,2
PC0545,4
PC1225,2
PC0029,2
PJ0830,4
PJ5873,4
PP0527,2
PJ0711,2
PP0419,2
PJ4669,2
PJ1565,4
PJ1187,2
PJ4462,11
PJ1183,9
PJ4844,2
PJ1000,2
PJ3852,2
PJ1641,2
PJ2677,2
PJ3573,3
PJ6337,2
PJ4918,2
PJ0094,1
PJ1552,2
PJ0070,6
PP0277,2
PJ6885,2
PJ3075,3
PJ5375,4
PJ3380,4
PP0635,2
PJ0903,1
PJ3841,4
PJ6363,2
PC0583,4
PJ5948,2
PC0120,2
PJ2450,2
PJ1417,2
PJ3658,3
PJ3592,4
PP0401,2
PJ3487,2
PC0980,2
PJ5611,2
PJ4921,2
PC0783,2
PC0160,2
PJ4087,4
PJ0867,2
PJ4303,3
PJ1133,3
PJ5937,2
PJ0056,2
PJ5876,2
PP0273,2
PC0768,3
PJ4259,2
PC0774,4
PJ6920,4
PC1311,2
PC1421,2
PJ4088,2
PJ7414,2
PC0297,2
PJ4650,2
PJ7049,4
PC0643,4
PC0332,2
PJ5901,3
PJ5979,2
PJ7060,2
PP0461,2
PJ5420,2
PC0807,2
PC0306,2
PJ5602,1
PJ3603,3
PP0666,4
PJ2973,2
PC0134,1
PJ3975,1
PJ7364,1
PJ6475,2
PP0262,2
PC0853,1
PC0196,12
PJ2278,2
PC0864,2
PJ6887,5
PS0008,2
PJ1848,2
PJ5080,2
PCX042,2
PJ6162,6
PJ1049,4
PJ6932,2
PJ4819,2
PJ3878,2
PJ3679,2
PJ1396,2
PC0106,2
PJ4545,2
PJ0482,2
PC0839,2
PJ1243,2
PP0686,2
PJ4551,3
PC1435,3
PJ7170,2
PC1434,4
PJ4090,2
PJ2548,4
PJ0915,2
PJ1413,6
PJ7198,2
PJ5735,2
PC0314,1
PJ5489,3
PJ3831,20
PJ3474,2
PC0083,2
PJ3531,2
PJ5223,2
